USER_ID,target_exam_date,DAYS_ACTIVE_POST_EXAM,PERFORMANCE_VOLATILITY_SIGMA,score_mean,MAX_SCORE_JUMP_DELTA,is_suspicious
5ba4626c-678a-4f45-9600-c2b8964ba5fb,2025-02-13 00:00:00,48.0,0.15148721998016584,0.722841043890866,0.85,True
f6d0f979-6b3a-4fbe-837c-08eae0450b55,2025-12-06 00:00:00,44.0,0.12699566995895534,0.7128333333333334,0.45000000000000007,False
8343b936-eaf2-4f03-88bc-dc9244ce5881,2025-05-29 00:00:00,46.0,0.13311597071756284,0.6380434782608696,0.375,False
8d66d337-d94e-43c3-99df-650496111044,2026-01-11 00:00:00,31.0,0.0,0.0,0.0,False
dce198fe-2a24-4c90-9095-7154ff4d0865,2025-03-14 00:00:00,47.0,0.14721174495424716,0.6742380952380952,0.7,True
df27fed2-cc7c-432c-b54a-f1ba883841dd,2025-04-25 00:00:00,62.0,0.17762561021880888,0.619409282700422,0.7999999999999999,True
e54e6898-bce5-4cba-8d1b-9b7f983d5bd4,2025-07-31 00:00:00,49.0,0.11422600686866931,0.5767741935483871,0.35,False
0588aa60-88fa-4dad-a7c2-617b91c3927c,2025-05-15 00:00:00,51.0,0.08435254151684621,0.8868318318318318,0.35,False
48756265-720b-4822-83a6-f98c11f1cf61,2026-01-01 00:00:00,60.0,0.18304384858566128,0.6263636363636365,0.7,True
da980de5-01ab-47a5-b147-e120904cfa65,2026-01-06 00:00:00,32.0,0.17078648953756437,0.6849761904761904,0.8,True
02530396-1ba9-4366-963c-8afe1e7575f4,2026-01-20 00:00:00,34.0,0.1585950196678571,0.7824739583333333,0.4,False
f54c5c73-bf33-4bf6-a714-952ca66da059,2025-11-01 00:00:00,48.0,0.0876120548924922,0.6820430107526883,0.39999999999999997,False
81cc8be6-ba4d-414c-a7f8-1e7db49116ca,2025-03-08 00:00:00,67.0,0.1305512250794653,0.5410802469135803,0.5533333333333333,True
1ddc883e-5bf3-467a-9cc1-1da3f3354ee5,2025-07-02 00:00:00,31.0,0.14427421265195242,0.7114312617702448,0.675,True
09bf3f1b-01d0-4b19-b221-32b1a5a57508,2025-07-25 00:00:00,42.0,0.11173160569974995,0.6664242424242424,0.5533333333333333,True
494195da-763e-4855-85eb-96d3acf5cb91,2025-04-01 00:00:00,40.0,0.13152908874378608,0.7489130434782609,0.32499999999999996,False
a3de515a-2ca0-4ff6-afc5-4b2e848461dd,2025-02-09 00:00:00,68.0,0.13559376706394263,0.6475689223057643,0.45000000000000007,True
997cdfda-0b95-4906-a492-882621df0bf1,2025-06-05 00:00:00,38.0,0.21517586666438984,0.5935294117647059,0.7733333333333334,True
1ccd1295-e7a9-45a3-b3ac-64381c455e0c,2025-07-23 00:00:00,34.0,0.1503711519114654,0.5431782945736434,0.5333333333333333,True
e3dfd489-4692-4ed9-8daf-6b59a0a9a897,2025-11-08 00:00:00,38.0,0.0,0.4,0.0,False
397b5999-284a-463b-a1f8-3add257f24c2,2025-08-18 00:00:00,108.0,0.01127928287712575,0.00766666666666666,0.0,True
7a0c2588-bb14-4f85-ad56-0af5fa5d190b,2025-04-04 00:00:00,60.0,0.1337694723251314,0.6754480286738351,0.525,True
0c275bbc-7702-4135-9bdc-30ae8242e379,2025-10-26 00:00:00,46.0,0.12691860908997282,0.456,0.44999999999999996,False
2776bc15-89ac-4d1e-80fe-d6a932bda266,2026-03-14 00:00:00,35.0,0.1604440303106789,0.6943518518518518,0.45000000000000007,False
aa495084-c9d0-4138-8c89-9293e0190cd8,2024-12-15 00:00:00,33.0,0.1751421933848815,0.8367816091954022,0.8,True
71d9e4ba-d714-444f-98ad-bae7d37d7481,2025-08-15 00:00:00,86.0,0.1716223148945407,0.5718541666666667,0.47500000000000003,True
72e01607-67e6-44eb-8a8a-0ba5aa3b19b0,2025-09-10 00:00:00,48.0,0.1305929348126227,0.8072348484848484,0.5866666666666668,True
ff372bd4-b57b-463e-b1e8-987dfed53401,2025-05-24 00:00:00,36.0,0.1378817016009145,0.8568181818181819,0.35,False
c17dfd7c-909f-4798-aa45-1148caa158d0,2026-05-11 00:00:00,34.0,0.19903422444748237,0.661015325670498,0.95,True
36aa7f23-a654-4c14-9988-21daa1030cdd,2026-01-16 00:00:00,43.0,0.1358158530729971,0.625,0.4,False
6f311ddc-6365-4d80-b125-85361fc0fd61,2025-04-19 00:00:00,43.0,0.10610689956982625,0.4643809523809524,0.39999999999999997,False
e74d2c27-5ff2-4727-8852-7f1e94677208,2025-09-08 00:00:00,33.0,0.11668704882329307,0.7390123456790123,0.44999999999999996,False
71caceea-2c66-486e-b413-b46e42d95609,2024-12-28 00:00:00,52.0,0.1497136246130552,0.6271929824561403,0.5,False
77eb828c-a1a5-4697-b225-a2bd37c0ad75,2025-04-19 00:00:00,31.0,0.18905798355783185,0.695,0.9233333333333333,True
f6b22cb7-df76-4706-b88f-5dcd621c7875,2025-11-24 00:00:00,44.0,0.1525453669276993,0.6674621212121212,0.6066666666666667,True
03ba571b-fa44-4460-9bcc-d2b121bdfd89,2025-06-30 00:00:00,35.0,0.0,0.0,0.0,False
5ee0e1d7-082f-4051-8847-11c8685b0330,2025-08-29 00:00:00,41.0,0.11658585636672184,0.4904761904761905,0.275,False
8e9b4f6d-eb6b-4b0e-9084-638669ce3550,2025-09-23 00:00:00,45.0,0.11143009766964523,0.7416666666666667,0.30000000000000004,False
032638bd-0238-43d5-939e-63525e3933a8,2025-11-15 00:00:00,76.0,0.0805979013192664,0.896252072968491,0.5,True
51c173ba-209b-4530-972d-fd5b524780ca,2025-05-02 00:00:00,45.0,0.0,0.0133333333333333,0.0,False
fded2a38-be55-4aed-be22-34c3b9b3da64,2025-11-30 00:00:00,31.0,0.17969977036617082,0.5212857142857144,0.5499999999999999,True
24431452-53c4-455a-8b60-147a0978eb9e,2025-02-12 00:00:00,39.0,0.08844232840979174,0.8218888888888889,0.25,False
dfde13eb-b26a-4247-b3fa-e166fbbf6291,2025-07-15 00:00:00,39.0,0.14032581093946198,0.7936559139784947,0.4,False
197bebad-75bd-490a-9f91-5b30c32b7425,2025-04-16 00:00:00,31.0,0.11590339702663181,0.7486363636363635,0.4,False
2f8fe240-dae4-40c4-9bc3-d2e81a90ad2c,2025-09-30 00:00:00,56.0,0.20985058054830968,0.5596598639455782,0.75,True
6a96781f-2475-4756-9077-136dfe5338eb,2026-01-30 00:00:00,91.0,0.1458183171992613,0.6413541666666667,0.5,True
eb3267c1-1010-47af-9206-6a01de2cb9d9,2025-08-02 00:00:00,31.0,0.17088254511968015,0.8373039215686274,0.8933333333333333,True
c0f6fd00-5980-4c08-b46d-c95a715bcfb8,2025-10-20 00:00:00,38.0,0.11707225844202199,0.6717592592592593,0.45000000000000007,False
7fcc5f35-f6b4-4902-92a3-fc2674aee91a,2025-10-09 00:00:00,43.0,0.20170683602039002,0.7449789029535865,0.5,False
17962da1-82ab-4db0-9827-08c6b44ed99c,2025-07-14 00:00:00,54.0,0.0,0.05,0.0,False
75476c72-7f17-461f-a221-fd25e9abb473,2025-08-04 00:00:00,52.0,0.21583742029499414,0.6211442786069652,0.375,False
c0f5d205-a8c6-4ee9-a14f-b3d3ad5b703b,2025-07-05 00:00:00,56.0,0.08799097637894038,0.7783333333333333,0.25,False
462fc6de-39e1-433f-9ca8-87155a6595f1,2025-08-25 00:00:00,32.0,0.22363991735860922,0.7396405228758169,0.8866666666666667,True
bbb350c3-575c-44e5-a09e-7c0f45576849,2025-08-18 00:00:00,35.0,0.10600047447641725,0.7567676767676768,0.3999999999999999,False
2cf979d1-ad87-4e25-a902-cef8bd25c62a,2025-07-14 00:00:00,53.0,0.1289565196126868,0.7006481481481481,0.25,False
e1b90ddb-3996-4b0c-94bf-ed9edfc26598,2025-12-13 00:00:00,34.0,0.12314093745051023,0.6952380952380952,0.4,False
92f3f284-c94c-42d9-8d04-847a32d0181c,2025-09-30 00:00:00,61.0,0.1439935591419126,0.7096892655367232,0.45,True
70b882fb-6bb9-4c38-91d3-11d78130d5cd,2025-09-13 00:00:00,33.0,0.0,0.55,0.0,False
bf77f8dd-0767-4384-a8cd-815493230ab5,2025-10-13 00:00:00,32.0,0.09715504394576005,0.8865384615384616,0.17500000000000004,False
9084be42-e750-4341-ae41-30910ebf6f38,2025-12-30 00:00:00,32.0,0.12134105155985253,0.6811111111111111,0.37,False
d06ec6c1-0e2e-4e8f-b30a-608cc2922bd6,2025-09-14 00:00:00,50.0,0.2117453378190134,0.5396888888888889,0.8133333333333332,True
aea324ae-693a-4a79-82cb-612f245236a4,2025-11-28 00:00:00,49.0,0.13049340165144158,0.7303571428571429,0.45,False
da789355-86e0-4f69-bdf9-09eb51e0e348,2025-01-23 00:00:00,31.0,0.16367311596254558,0.3766666666666667,0.4,False
4b3e936b-a886-425c-a1ef-3a40fcb9159d,2025-08-11 00:00:00,34.0,0.10314260166415937,0.8576436781609196,0.2749999999999999,False
86cafa35-c316-4e54-a53c-cfd97d61e7e1,2025-11-18 00:00:00,70.0,0.11532248860138926,0.6928571428571428,0.35000000000000003,True
786ca853-3cfb-4e29-a11c-19c0cf2097e0,2025-05-28 00:00:00,35.0,0.08665701636903629,0.8223033707865168,0.25,False
ec5e40e9-27d2-4b0f-a712-ebb36f2bdbae,2025-10-01 00:00:00,41.0,0.12527746981977422,0.5777777777777778,0.25,False
690c85d3-dee2-438d-918e-36eabaa96173,2025-08-18 00:00:00,51.0,0.19715903613103994,0.7679423868312757,0.7250000000000001,True
12766eec-5dff-409e-bd52-d9da28a3e0e6,2025-08-04 00:00:00,36.0,0.13669636950518269,0.7576923076923077,0.35,False
7905c2bf-63dc-43f1-9f7a-636583c44d8e,2025-03-17 00:00:00,51.0,0.10066445913694329,0.53,0.19000000000000006,False
25983aa8-6a82-4289-bb7b-253bca6203e7,2025-08-15 00:00:00,60.0,0.11027029081777667,0.79925,0.4,False
934833d6-f34b-4a1f-b784-480073b42e5e,2025-11-15 00:00:00,47.0,0.11018802366965333,0.8241428571428571,0.3599999999999999,False
d2c93b4d-f7b5-4822-8019-bc0138c0711c,2025-04-05 00:00:00,32.0,0.17904417941340112,0.5977272727272728,0.475,False
8c2eb25c-ddb4-47f1-a683-6e7a7f761248,2024-10-27 00:00:00,38.0,0.15234430726030196,0.5450900900900901,0.65,True
78c8d506-c3ac-4450-b897-74fd376d7860,2025-10-30 00:00:00,35.0,0.1073806330695761,0.7472916666666667,0.375,False
fb1ddef8-42bd-43ac-840e-07e48abf26e3,2026-01-03 00:00:00,42.0,0.12142999862149959,0.896875,0.35,False
7d163c42-c8b2-4c47-8da2-793b4302f82f,2025-11-01 00:00:00,32.0,0.10236369555868106,0.48859375,0.39999999999999997,False
36abf582-584c-4b48-92db-f5b50b43d863,2025-12-12 00:00:00,78.0,0.14803537983945098,0.5925,0.5,True
dd02e628-5968-4d35-b71b-d34ec6a20d30,2025-11-07 00:00:00,39.0,0.150834865335743,0.5970238095238095,0.4799999999999999,False
607ce3c3-8f70-40c9-8b48-62cf95cc0e4c,2025-12-19 00:00:00,62.0,0.17697446013301257,0.6784509803921569,0.65,True
313da4a6-08ed-4383-8bd4-c60d51ed07e2,2025-05-07 00:00:00,63.0,0.16766113565837618,0.5853846153846154,0.5,True
c521f824-c1f0-44d1-ae7e-76eb4a4e83bc,2025-08-13 00:00:00,35.0,0.14582032817583362,0.6432407407407408,0.525,True
c9d2fa1f-ac58-411d-a2ac-b643fe679dd6,2024-12-20 00:00:00,36.0,0.13096529642235408,0.6091379310344828,0.5,False
3afcafaa-d923-4323-8544-e7524edaf3c0,2026-01-23 00:00:00,44.0,0.11867300420233293,0.6504464285714285,0.4,False
8a3df456-0888-4f3e-9d42-fb7948aa012d,2024-11-26 00:00:00,31.0,0.13844359616245902,0.7511428571428571,0.75,True
9c2c0959-de1f-4b98-b8f8-067784b00bf6,2025-08-22 00:00:00,45.0,0.16602790430040879,0.6959444444444445,0.2250000000000001,False
28e07356-5ded-4782-ae04-e6e337f9a8a9,2025-10-01 00:00:00,33.0,0.10450580101969133,0.8232142857142858,0.4,False
b0b145d5-6e9c-4811-a769-5054b45e0eeb,2026-01-30 00:00:00,45.0,0.1842168881920474,0.73359375,0.75,True
17024bda-4669-478e-b457-9bba2ca913a3,2024-10-01 00:00:00,61.0,0.1981376678482438,0.6633928571428571,0.8866666666666667,True
484efa52-2e8c-495e-b286-d01a24576484,2025-06-20 00:00:00,40.0,0.10655593210453683,0.755,0.35,False
6f97ddcf-7a65-485e-8d06-2bc9e4e5edbf,2025-05-15 00:00:00,46.0,0.24239505033923694,0.6745307443365697,0.85,True
e6dcf4a3-4c8f-44ee-89a8-3e6176fda4ff,2026-01-20 00:00:00,31.0,0.13745264336005572,0.7921875,0.29999999999999993,False
b9c55dcb-8870-4b11-a2a7-c33d7e5c3a93,2025-09-30 00:00:00,68.0,0.14018856404953275,0.6618611111111111,0.45000000000000007,True
e8d81d19-a882-4f9f-bdb3-f335f1be7ec8,2025-04-25 00:00:00,34.0,0.08685010752135307,0.7996666666666666,0.17500000000000004,False
cd06f3b8-0ea9-4fbe-b8ed-488aab588c9b,2025-04-28 00:00:00,33.0,0.15338162385308132,0.6783913043478261,0.6000000000000001,True
3207ed5e-bcf1-4b3b-882b-b3d9e3102778,2025-09-14 00:00:00,35.0,0.25216103026674286,0.3933333333333333,0.46666666666666673,True
c5f5df17-dd14-4651-a217-33e86b5d9fd2,2024-10-25 00:00:00,33.0,0.1820122744006902,0.6453525641025641,0.7,True
cc3a95ec-e3da-4843-b663-a05a0769dbe3,2025-06-17 00:00:00,76.0,0.11886858601304524,0.5132666666666666,0.44999999999999996,True
181f0416-41d9-4861-ab1e-17023f93e924,2024-07-19 00:00:00,32.0,0.15962315170022462,0.5320584795321637,0.7600000000000001,True
23bb330d-8c45-4ca8-a5e6-f32dc522c124,2025-07-20 00:00:00,34.0,0.18073583257470166,0.638235294117647,0.35,False
f121106e-424c-4a92-9f9c-c07111ce50ab,2025-10-31 00:00:00,46.0,0.08653825957557944,0.8432000000000001,0.32499999999999996,False
74ac86ed-13ce-41e5-9502-47ca79ae9f73,2026-01-31 00:00:00,59.0,0.07851033021978392,0.8926829268292683,0.19999999999999996,False
68ecdd94-25e8-48f2-a01f-b4269190cd29,2025-06-05 00:00:00,90.0,0.1556726246491201,0.797059925093633,0.44000000000000006,True
8779236e-7556-41c7-80d3-645e09677124,2025-07-05 00:00:00,80.0,0.11652132279559162,0.7460964912280702,0.49999999999999994,True
866ef00d-40ec-4bd8-8e58-1b6e8ca40c98,2025-05-31 00:00:00,36.0,0.22730302828309762,0.6,0.30000000000000004,False
f7f398dd-2600-422f-9939-2910b70ce2bf,2026-02-17 00:00:00,34.0,0.11155794655064465,0.7657894736842106,0.25,False
0e1305b1-12dd-4c45-a59e-25c173efc5bd,2025-07-05 00:00:00,34.0,0.06291528696058957,0.35833333333333334,0.125,False
2b76504a-8c53-4caf-8b96-ecf1bc72d71d,2025-07-23 00:00:00,33.0,0.16511015606668059,0.6431818181818182,0.45000000000000007,False
475a2e87-9447-466a-ad11-de73c1ce6c9a,2025-07-06 00:00:00,63.0,0.08921255695591636,0.7826149425287356,0.4,True
d3dcdf61-00c8-4733-a882-ca657875dcc7,2024-08-29 00:00:00,42.0,0.10831037784784867,0.6955797101449275,0.4,False
e9dd2dfc-beac-4d05-a1ea-18b56797e346,2025-07-02 00:00:00,70.0,0.14903231997215918,0.6233016877637131,0.4766666666666667,True
ff5e6930-7a2d-4081-b63a-a0766e9dc740,2025-10-01 00:00:00,37.0,0.12824240692651867,0.737997138769671,0.6833333333333333,True
de7571be-ff34-48bc-b179-98cc8717d080,2025-09-12 00:00:00,43.0,0.11311095026356051,0.595438596491228,0.35,False
774fa02f-c209-4f9b-a8bb-d2734d2936b6,2025-07-03 00:00:00,40.0,0.15757623145578378,0.741875,0.39999999999999997,False
b11ce3e8-0e22-463e-86c7-2d923880b1b9,2025-09-15 00:00:00,48.0,0.11989436867458388,0.8352898550724638,0.4,False
5ec666a2-da02-473c-b4ec-1d10bae94116,2025-07-27 00:00:00,40.0,0.12624853118515486,0.8015579710144928,0.5,False
a3e895a2-715d-4e30-b1f2-ab9729b3bb57,2025-02-03 00:00:00,46.0,0.0911820913840749,0.8434188034188034,0.30000000000000004,False
27ab226f-baee-45d5-aefc-a0c8054c3e48,2025-07-26 00:00:00,45.0,0.12715217956321778,0.5836363636363636,0.4,False
1ec4d13a-4290-4352-9c3c-d808979e6fb3,2025-09-01 00:00:00,37.0,0.14168067563585107,0.7007246376811594,0.7200000000000001,True
9a3bc572-68e1-4af2-88ce-99d40061d8dc,2025-09-22 00:00:00,43.0,0.11298804945536448,0.7060666666666667,0.44999999999999996,False
632f8724-e051-4806-9d3a-3e94a922b675,2025-05-31 00:00:00,67.0,0.10824255210613841,0.8067867867867867,0.7266666666666667,True
b0f08780-b797-4a52-bb64-4e3197655099,2025-09-25 00:00:00,64.0,0.13015603735288625,0.785957095709571,0.52,True
4a4a94a0-3711-4b05-918b-10bc9ad22870,2026-01-05 00:00:00,36.0,0.09449111825230679,0.6142857142857142,0.2,False
ba880b27-e436-4742-8114-8dc2db262a59,2025-06-28 00:00:00,32.0,0.07268017203754684,0.41833333333333333,0.25000000000000006,False
7d2429c3-1f35-4dfa-a89e-19bcffba1932,2025-12-01 00:00:00,40.0,0.17320508075688776,0.7000000000000001,0.30000000000000004,False
3c60c2fd-ffab-4870-a5d7-e0ea1fa71fca,2025-10-31 00:00:00,31.0,0.060529370670813314,0.9033333333333333,0.15000000000000002,False
ef7d518e-4d97-4560-89eb-66498b751fae,2025-07-16 00:00:00,37.0,0.0,0.0,0.0,False
f26d712e-b12a-481a-9d7d-c5ccf0133d43,2025-08-22 00:00:00,41.0,0.15424193614678905,0.5943627450980392,0.75,True
425915ea-6a8d-4897-a8cc-a45fe1308722,2025-11-02 00:00:00,31.0,0.057101249841225825,0.9305345911949686,0.25,False
06fcaa01-a171-4a02-91f5-9ba78e9d785c,2025-04-25 00:00:00,42.0,0.14383744098713902,0.5890322580645162,0.575,True
76e280d8-9936-4acd-90b5-4433fa956d33,2025-03-13 00:00:00,39.0,0.11890487640435718,0.7747839506172839,0.25,False
7cbba682-9b28-40a6-8ac0-2205d15372e3,2025-11-01 00:00:00,41.0,0.19295406061857936,0.6648186889818689,0.8250000000000001,True
26eea16d-16cd-4aa2-aa72-72ae8a71e2af,2025-11-15 00:00:00,34.0,0.13858246979422612,0.7244594594594594,0.5499999999999999,True
f9d37fb9-9c54-418d-8785-fb538c1e98dc,2025-05-02 00:00:00,31.0,0.12104476867695789,0.5654320987654321,0.35000000000000003,False
4ce683a8-a680-485b-826c-7130777aa7f0,2024-10-26 00:00:00,68.0,0.1411724152111721,0.7161952861952863,0.55,True
211f37ad-9706-4583-80b3-e79c406abcb8,2025-06-06 00:00:00,34.0,0.12622619349593608,0.41064814814814815,0.35000000000000003,False
9b7af091-4498-4d13-b5c2-5e404740c0ca,2025-12-01 00:00:00,39.0,0.16973031291103874,0.6160714285714286,0.475,False
3875c7a9-7693-467a-8116-6cf830bd6bd1,2025-11-21 00:00:00,33.0,0.14060573011221122,0.747175925925926,0.3899999999999999,False
4558d0d6-cb61-4c81-8071-6105d2f5b491,2025-11-21 00:00:00,41.0,0.147274361054432,0.7367037037037036,0.55,True
dec8ba85-1a62-4975-8546-03ac37469298,2025-07-29 00:00:00,39.0,0.1040773608944542,0.796522633744856,0.30000000000000004,False
88c940eb-f2fe-4c34-b8fd-8e364df1d3d3,2026-01-06 00:00:00,39.0,0.123909229482703,0.76725,0.44999999999999996,False
08644130-c656-475e-a2ea-83b67c3cfdce,2025-10-24 00:00:00,51.0,0.2975266034694709,0.46481481481481485,0.8,True
9a15d8ff-deee-4d45-8d74-c281224104be,2025-08-15 00:00:00,45.0,0.1430955239552756,0.6222875816993464,0.55,True
80cf9f3e-5342-48cb-8518-8779bb791400,2025-08-02 00:00:00,36.0,0.15117493275711302,0.6058823529411765,0.35,False
f30d0451-fc45-42cf-8a0e-a314e45072a2,2026-01-16 00:00:00,34.0,0.0744777261289736,0.8867006802721088,0.25,False
47b681cb-f8b5-47f6-89cc-7d2892b0b30d,2026-01-27 00:00:00,39.0,0.08393720596645177,0.725,0.30000000000000004,False
f8cf44ff-ec90-44e7-b69d-ad054ed71f4d,2024-12-20 00:00:00,39.0,0.13055824196677335,0.38636363636363635,0.3,False
e9d39916-0230-4eb3-867e-9c73725c0baf,2025-07-11 00:00:00,40.0,0.12826506120501371,0.7014666666666666,0.44999999999999996,False
9383dd6e-3f3f-4934-b1ad-3eb0e4ec4858,2025-05-05 00:00:00,84.0,0.24889170694116633,0.6507344632768362,0.95,True
3f004aea-3628-48c0-a466-0760f7bac3ff,2025-06-13 00:00:00,55.0,0.1890270330186205,0.7698275862068965,0.95,True
6cfc3038-7deb-4bbd-9330-e6082b6232a4,2025-10-22 00:00:00,32.0,0.1274754878398196,0.7666666666666667,0.44999999999999996,False
4b9e3dd3-3534-4e22-a388-8f3cc5de3546,2025-05-15 00:00:00,31.0,0.0,0.0,0.0,False
18340cb3-a907-4f95-be43-5bc298cecadf,2025-09-05 00:00:00,73.0,0.1229593999787258,0.7827956989247311,0.39999999999999997,True
65f05f6b-a057-437a-8369-bbd962ce2205,2024-02-17 00:00:00,43.0,0.1592676253059241,0.5279411764705882,0.5499999999999999,True
22ce81e0-6b4c-4412-b7e9-fe0b45b0e2fe,2025-11-14 00:00:00,70.0,0.12441591869421018,0.5005681818181817,0.4,True
f84fd89d-906f-448f-a7e9-53121edf87d9,2025-11-17 00:00:00,49.0,0.16422897424648195,0.6835365853658537,0.5966666666666668,True
9afb820e-42c0-4b3d-88f6-81b90961e84f,2025-07-17 00:00:00,35.0,0.12149421071360758,0.8632474226804123,0.65,True
3aba3e34-aa66-4115-9523-ce1daf534eca,2025-01-31 00:00:00,51.0,0.11078570405166105,0.8239166666666666,0.25,False
5e0e8cc3-25a4-400e-abd1-04865cfb269c,2026-01-19 00:00:00,60.0,0.2147147330733246,0.5378140885984023,0.825,True
de77e8f0-95b1-42fe-894d-1a5c25e27360,2025-09-08 00:00:00,35.0,0.12516655570345725,0.7833333333333333,0.25,False
12f9e007-eb5c-4893-b062-ee6c0731c83d,2025-11-03 00:00:00,48.0,0.09279607271383372,0.675,0.22499999999999998,False
838424b7-b0a1-491f-830d-912a36401bbc,2025-09-02 00:00:00,59.0,0.1684878905052101,0.5831761006289308,0.75,True
a9a4f956-39cd-4ac0-b299-dda71fe3b064,2025-04-08 00:00:00,34.0,0.23040312799713575,0.5894736842105263,0.8133333333333334,True
99e92310-1b37-49c9-9afe-fd1a0b223036,2025-11-21 00:00:00,37.0,0.13540064007726602,0.5166666666666667,0.45,False
6dc8793c-f38b-4eca-a976-22429a50a098,2026-03-10 00:00:00,57.0,0.07339139115929262,0.5903333333333334,0.24999999999999994,False
e235c3b9-74b7-498d-bb43-acf50e4800c0,2025-10-22 00:00:00,36.0,0.3524636200351405,0.6425,0.8,True
2a53a6e9-28f1-4e21-b2f2-43cd692bc540,2025-11-23 00:00:00,39.0,0.09869344874608861,0.7630555555555555,0.39999999999999997,False
f1295b0b-05a8-4d9d-8bcb-6e6656b1055c,2023-08-28 00:00:00,109.0,0.12082682280643842,0.7444654088050314,0.3,True
fb1dcf5f-1387-40fa-8438-c2270cced2a4,2025-11-14 00:00:00,58.0,0.11203149650416545,0.7845039682539682,0.4,False
ef958a0b-34c8-45e6-ba39-afefb467e623,2025-11-03 00:00:00,33.0,0.23125746971182853,0.555936507936508,0.825,True
b0b047ae-a71d-4234-9a21-320be7b6eb39,2025-12-22 00:00:00,31.0,0.14359015240653464,0.6428571428571429,0.22499999999999998,False
df9e013b-a230-4a1d-9309-c308671afa6d,2025-08-16 00:00:00,70.0,0.36159369463529084,0.6799999999999999,0.85,True
54c743f0-a747-4dbd-9824-5e720b91c13f,2025-08-16 00:00:00,40.0,0.12281292288565329,0.5697598870056497,0.4,False
c2f8c50f-da58-4e60-bb11-a092abc636f1,2023-10-22 00:00:00,40.0,0.0,0.0,0.0,False
89eea7ba-fd89-4607-a5c7-0be85c21c85e,2025-05-05 00:00:00,35.0,0.07288689868556628,0.70625,0.15000000000000002,False
28c2f613-9b11-4009-943f-64e5039d94cf,2025-11-06 00:00:00,31.0,0.07420494226660461,0.8093981481481483,0.275,False
39b08e18-76b6-4553-8e44-cab6a0046679,2026-02-02 00:00:00,49.0,0.1391926233168856,0.6237142857142857,0.45333333333333337,False
9f0b0d5e-b8f0-46f0-b50e-76933e980019,2025-06-30 00:00:00,31.0,0.14793783006786151,0.7369934640522876,0.7,True
f7ba02e1-e985-4ac4-b372-5a25e9ade395,2024-10-13 00:00:00,34.0,0.13386039720438722,0.6651041666666667,0.5,False
fd0f8c3a-8642-4394-831c-0fb4798cee82,2025-11-08 00:00:00,38.0,0.13553178591764475,0.6741397849462366,0.3999999999999999,False
db6c0472-3f54-4daa-8c8b-98bda6c6833d,2025-10-11 00:00:00,38.0,0.1486126699360994,0.7724113475177306,0.4666666666666668,False
b626feb9-2285-4b84-8baf-69e4ef0e1a58,2025-06-18 00:00:00,45.0,0.0,0.0,0.0,False
075c71c9-d364-491d-bd42-78c3fd04d896,2025-03-18 00:00:00,34.0,0.11960059482327026,0.6442424242424243,0.55,True
2b6eb6fe-3eeb-4425-8218-21bc951fe166,2025-11-26 00:00:00,58.0,0.15448042193144168,0.7018779342723005,0.55,True
34de60f7-42ca-4750-a648-e6c113e75340,2025-07-11 00:00:00,41.0,0.11211801903160293,0.7686206896551724,0.35,False
ec07d258-2ea7-412e-9028-7eebc3f5d8e5,2025-01-12 00:00:00,37.0,0.09799848827254275,0.8411111111111111,0.18999999999999995,False
a965de2b-a49d-429f-b004-be7cfa992dc7,2025-06-24 00:00:00,135.0,0.246602080543014,0.6371714743589744,0.95,True
9e496ea3-2f3e-4fa3-aa1b-649cddacb990,2025-07-11 00:00:00,33.0,0.16328046380541017,0.5642424242424243,0.35000000000000003,False
77b56485-9e28-4665-b47f-9a5b65a0c9ea,2025-08-08 00:00:00,36.0,0.15293839124023606,0.4708333333333334,0.55,True
0a5f5095-8ce2-41ed-acc0-29c544ea94c5,2025-11-15 00:00:00,42.0,0.0891141367296983,0.8093055555555556,0.2250000000000001,False
ca2791c7-3471-45c5-a5aa-331c781cf906,2025-03-01 00:00:00,64.0,0.14282258450088645,0.7088698955365622,0.65,True
bcd94c92-104d-47f4-ab28-5bafd33acebd,2024-07-17 00:00:00,50.0,0.053755525268823566,0.9444852941176469,0.19999999999999996,False
07a60d07-cc49-4734-9fea-820fa22408c6,2026-02-09 00:00:00,64.0,0.09433329764071138,0.9105454545454545,0.5,True
c5a8a0ac-c55a-4f7e-a8c8-f05bb6c5d87c,2025-07-12 00:00:00,31.0,0.131321830936152,0.5645555555555556,0.35,False
2eead1ca-f7ab-4c37-a691-208ad08bd239,2024-08-30 00:00:00,33.0,0.15275252316519464,0.7166666666666667,0.19999999999999996,False
021ccb91-7b0f-4dfb-8458-b195bb972e02,2025-06-30 00:00:00,40.0,0.1185802997042685,0.4504761904761905,0.39999999999999997,False
aa2f4769-5ad1-473e-8f60-69a0b918209f,2025-06-30 00:00:00,34.0,0.14637270261739307,0.6459195402298851,0.45,False
a94fca00-a7a9-4be6-a7e3-38581cf5e93a,2025-02-20 00:00:00,33.0,0.06932178448310146,0.8429411764705883,0.19999999999999996,False
cd8ea670-606c-4929-b243-5a93f3a5cffd,2025-09-30 00:00:00,60.0,0.10741484876612609,0.7692063492063491,0.275,False
fd4729c2-5d12-4ed7-91ec-553d1ebdb2d6,2026-01-06 00:00:00,35.0,0.168540541053168,0.7782258064516129,0.45000000000000007,False
e2b38322-05c3-4041-9b9f-426d4c2e1e2f,2025-12-01 00:00:00,32.0,0.10953072654273806,0.7765,0.475,False
2a7dc9a7-8f9b-4ec0-86d4-ecd5af052206,2025-04-09 00:00:00,32.0,0.1363395867163419,0.6023717948717949,0.45000000000000007,False
5c11100f-f6b6-46c8-871c-47ab6b92178a,2025-10-14 00:00:00,39.0,0.08384039221365175,0.8632777777777778,0.19999999999999996,False
58490864-2d01-4352-b4a6-3dcabde652fb,2025-10-10 00:00:00,31.0,0.11680319864371812,0.7111574074074074,0.4,False
a9583105-97bc-44b9-be7d-9b6209cd6dd8,2025-07-07 00:00:00,48.0,0.10377007837843562,0.5546875,0.35,False
4ce48ce4-f222-44da-93fa-b35c6a1cb0d3,2025-12-05 00:00:00,35.0,0.10843380540731926,0.8151234567901234,0.35,False
1ac30886-6c8c-4a7a-8037-32d40b89e897,2025-12-18 00:00:00,41.0,0.15572646208705845,0.7407894736842104,0.5,False
74ef6428-1619-43d9-a3f1-d89dd63a9009,2025-09-19 00:00:00,53.0,0.23401261667248788,0.7857142857142857,0.55,True
d84681f6-d414-4d36-b828-a26a0d361b68,2025-11-03 00:00:00,45.0,0.09975613974866185,0.8461643835616439,0.35,False
63f1ac85-9e36-4a89-a5f4-7f22a92560b4,2025-04-26 00:00:00,32.0,0.11155580483184346,0.7910919540229885,0.44999999999999996,False
89a0a928-96b6-492b-b3a1-4324769ec71e,2023-01-23 00:00:00,36.0,0.11358014352085176,0.7035757575757576,0.35000000000000003,False
03fd7c7e-23eb-4082-b5bd-ce1e1c292bcd,2025-09-27 00:00:00,37.0,0.13460615478724444,0.6763565891472868,0.5266666666666667,True
69089e72-8720-46cb-a56b-73fa6d0f3cc2,2025-06-06 00:00:00,31.0,0.17172097656941093,0.6059791666666666,0.44999999999999996,False
ad31d86e-2a11-4372-acc8-25f2b270c4a6,2025-10-19 00:00:00,34.0,0.08830017151656656,0.8079166666666667,0.30000000000000004,False
f0d0d1d7-4a22-4d41-8b87-25ed173f2c33,2025-11-26 00:00:00,56.0,0.1605692528101261,0.7147701149425287,0.5,False
8cad1274-1b94-41fc-a2ae-1c09256f4ba1,2025-08-04 00:00:00,62.0,0.1754392311946575,0.6296551724137932,0.45,True
f8af870f-8497-4f7f-bfe1-3ad134ad8871,2025-07-08 00:00:00,39.0,0.14467027054473622,0.6277777777777778,0.3999999999999999,False
97e1a644-ae6d-4e3a-844a-a6f82bab289d,2025-05-19 00:00:00,52.0,0.17935932493701148,0.6900000000000001,0.95,True
eedd81e0-ac7f-4caa-8469-253190895efc,2025-02-02 00:00:00,118.0,0.16873821690700147,0.6416239316239316,0.45000000000000007,True
62149084-961b-4f28-ba97-f9512d988e54,2025-04-16 00:00:00,31.0,0.12889612900568265,0.7521538461538462,0.5200000000000001,True
eb727783-ef2d-4fa0-a961-68c21c29470b,2025-10-11 00:00:00,34.0,0.08112169356384684,0.8359375,0.17500000000000004,False
822e61cc-12dd-4716-aeb9-1958647e6ece,2025-04-15 00:00:00,87.0,0.12879414308789253,0.6586197916666666,0.4,True
36622020-6396-4548-aa30-1bb6a34c581e,2022-12-03 00:00:00,54.0,0.1715411190420211,0.8051801801801802,0.4,False
4c73b5b3-06ab-40d5-815c-b1d0b0bff133,2025-09-18 00:00:00,44.0,0.19264965322805255,0.5591666666666666,0.31333333333333335,False
e2e69479-a0a5-483d-8304-de3a8e1c23d7,2025-09-08 00:00:00,35.0,0.1845039498664998,0.5608823529411765,0.3,False
4cf49169-2810-4fbb-a09b-fa4aac2f3a77,2025-06-20 00:00:00,86.0,0.1378314446071981,0.5407407407407407,0.42499999999999993,True
9b18ed7b-7699-4f58-8cf2-ba00a1c2266a,2025-08-26 00:00:00,40.0,0.1392248063550434,0.7806140350877193,0.4,False
dc133587-6317-4301-8fd3-abf3a43c0787,2025-11-10 00:00:00,33.0,0.08555789762584075,0.8385897435897436,0.30000000000000004,False
9a9631b5-3168-4675-b0b9-eb6cf1ac79d4,2025-06-28 00:00:00,31.0,0.088226929412317,0.8272727272727273,0.22499999999999998,False
73e1f1ae-f50c-445a-bc75-b81a9c5a7527,2025-11-28 00:00:00,32.0,0.15672703274997832,0.7806944444444444,0.29999999999999993,False
5a680389-0cd3-46f6-9480-6ade6d026016,2025-05-30 00:00:00,33.0,0.10935518319825636,0.746376811594203,0.39999999999999997,False
6db76e48-52c6-492c-863f-d736ac8dcf62,2025-08-24 00:00:00,51.0,0.07127173836220202,0.9030416666666667,0.35,False
be198a9c-0c87-4dbe-962c-aff3a5839c60,2025-09-20 00:00:00,41.0,0.07064114197952168,0.8621794871794872,0.18333333333333335,False
21fd7248-0aad-46e8-b6db-85dd333ff153,2025-02-27 00:00:00,61.0,0.15096142504577734,0.6151388888888889,0.4,True
ee817ca1-5c20-4333-92ab-e73d266fd558,2025-12-06 00:00:00,47.0,0.08174073414796085,0.9023809523809524,0.15000000000000002,False
86541a70-a22e-4ef2-b4ca-359e0608cdfa,2026-01-31 00:00:00,42.0,0.12108429876498197,0.6155555555555555,0.425,False
54cc9ad0-0600-426b-8790-51a11196465f,2025-09-30 00:00:00,66.0,0.2267156809750927,0.866,0.9,True
c5428ab2-f2b5-4f4b-96cd-cca9287d3c04,2026-01-14 00:00:00,43.0,0.16514605324500858,0.7894354838709677,0.6,True
681933a2-18f8-47d0-b03c-957586426617,2025-06-30 00:00:00,33.0,0.12285466959489105,0.7168666666666667,0.3999999999999999,False
e78a3405-b28f-4581-9779-2a79ba4f163f,2025-03-01 00:00:00,39.0,0.1393774313727598,0.5420512820512821,0.29999999999999993,False
1d2bf0e9-5137-4e9a-b284-0244965ceb96,2025-08-29 00:00:00,31.0,0.1650315995496091,0.5588888888888889,0.28,False
0399dc2a-9f9a-4473-abfe-dbcc164ef4fc,2025-09-11 00:00:00,42.0,0.1742604260763222,0.6837662337662338,0.85,True
1f732189-9eb4-47f1-9ca6-88f6f774b7aa,2025-04-03 00:00:00,55.0,0.13001276199410394,0.46977011494252874,0.35,False
2ba8a036-7fca-4d1f-97f1-dffa0431c150,2025-10-03 00:00:00,32.0,0.1173124031439681,0.8093415637860083,0.55,True
ade47184-4e3d-47ce-a092-ee46b039bf4a,2025-12-01 00:00:00,31.0,0.13280573269766122,0.7071428571428572,0.29999999999999993,False
36679a72-bb92-49f1-ba50-0c29284e220a,2025-07-02 00:00:00,76.0,0.1620212728537301,0.5073214285714286,0.57,True
01d32f89-16bf-4368-ab4f-090af888da9d,2025-05-10 00:00:00,40.0,0.13186576673804287,0.6675746268656716,0.45,False
b5658b25-59ba-4454-b861-488a986667bb,2025-03-31 00:00:00,62.0,0.11421159194026667,0.6300884955752213,0.39999999999999997,True
fbf35263-84bc-4824-9629-e999334a31c0,2024-10-11 00:00:00,35.0,0.24844373200924905,0.811875,0.95,True
dd1ac610-ece2-4d81-9eca-cf0b566525a7,2025-12-20 00:00:00,31.0,0.10171942124953652,0.7660714285714285,0.25,False
ffd4ac85-0148-441f-9213-1a90593062d6,2025-10-02 00:00:00,45.0,0.12429653908950813,0.63,0.39999999999999997,False
e461cb71-aaea-4891-9083-fe2e6c26bab3,2025-06-07 00:00:00,38.0,0.14826777577522812,0.8390000000000001,0.4,False
9a2a5201-7043-407e-a2a1-54cf4a856e26,2025-05-24 00:00:00,33.0,0.09563860303331202,0.744017094017094,0.3866666666666667,False
fcd7e076-2676-49c9-9227-d03cecdb7bb7,2025-08-01 00:00:00,32.0,0.13020832649735434,0.5124470899470899,0.575,True
d0bdaf79-9303-4876-af88-e3f13578f2ab,2025-07-18 00:00:00,53.0,0.12127158044282496,0.5134782608695653,0.4266666666666667,False
de1d064d-b242-42d5-bd67-55e660b348e3,2026-01-15 00:00:00,32.0,0.13720537923840312,0.6428333333333334,0.39999999999999997,False
f8799266-5ca3-48ae-8b81-22ee2e1e3d78,2025-11-30 00:00:00,37.0,0.1163762285484904,0.7688492063492063,0.44999999999999996,False
dc8cbc97-1616-4c9e-b15d-115dad7d66fc,2025-11-24 00:00:00,40.0,0.23006359608107982,0.5767857142857142,0.85,True
f1c00354-6fa7-46d7-b952-aa9ca4087334,2025-08-29 00:00:00,34.0,0.14573639907876168,0.7442638036809816,0.6133333333333334,True
023007c8-2e36-442a-80d8-c866074a95de,2025-08-09 00:00:00,34.0,0.16011203743944824,0.6882638888888889,0.6,True
fad1e6bc-a4bd-469d-a89e-9365d2b278cb,2025-11-21 00:00:00,39.0,0.19185515066842507,0.6032467532467533,0.8,True
6ddb76de-9ce5-43c9-bf09-2af3a38547e4,2025-06-16 00:00:00,38.0,0.0,0.0,0.0,False
9ed05dd8-2d4b-42f3-8e18-4962cf8f2c12,2025-08-11 00:00:00,33.0,0.10762706842883842,0.4965151515151515,0.3,False
d6d93852-54be-4159-aaee-14c84308ff14,2025-11-28 00:00:00,32.0,0.10598374740404641,0.7968055555555557,0.15000000000000002,False
f1510f2d-aed4-472b-8c2c-237bfa59b4ff,2025-09-19 00:00:00,40.0,0.2018662923818635,0.5750000000000001,0.5499999999999999,True
18ad5fab-355c-4095-9da1-ed33a7896427,2025-12-21 00:00:00,46.0,0.1400392485721139,0.5204263565891473,0.5,False
9d26af50-f54e-456b-b86f-6c56225b96b8,2024-12-27 00:00:00,44.0,0.08653807997473877,0.809375,0.25,False
4aded15f-b75e-4ce2-9c51-6b0da8f22888,2024-12-05 00:00:00,57.0,0.15138251770487457,0.725,0.30000000000000004,False
b9502c25-ca06-4bb7-a168-a2f4f40627f7,2025-07-15 00:00:00,46.0,0.0943381287692444,0.6346666666666666,0.25,False
81333cf9-6769-4c68-8d4d-3033e0fe1105,2026-02-20 00:00:00,40.0,0.16636408644674266,0.6597333333333333,0.6499999999999999,True
23840784-a9b3-454d-9cc5-a8f6f44be1fa,2026-01-30 00:00:00,48.0,0.09831920802501752,0.7666666666666666,0.25,False
652a32d2-411a-493f-a53f-243aeb907828,2026-02-26 00:00:00,44.0,0.2233916877456414,0.8250000000000001,0.75,True
e7ec7411-e6b7-4c80-87a6-91278723896e,2025-08-15 00:00:00,32.0,0.12239439745813403,0.6347872340425532,0.47500000000000003,False
d8ccb47d-1401-4ff2-b5c2-ea0798396794,2025-10-14 00:00:00,67.0,0.22222886045917054,0.7855061728395062,0.9,True
6e9faabe-5000-40ba-8010-f7b350f6ddc5,2025-09-20 00:00:00,44.0,0.2113586415774338,0.8272413793103448,0.7999999999999999,True
3efd60cd-a819-4b86-a34b-2c2547c6b48f,2024-08-01 00:00:00,59.0,0.1648640259693531,0.6691666666666667,0.35,False
ed05a0f8-7f2f-4398-9f5a-2198018be9a5,2025-10-31 00:00:00,37.0,0.17081757526256786,0.6601190476190476,0.475,False
f6a3ad7a-b85d-4e21-9c7c-cc5abe2785d5,2025-06-09 00:00:00,82.0,0.0,0.75,0.0,True
035f8fb7-f36a-4f86-a74d-866e8a8a4d89,2025-11-26 00:00:00,34.0,0.1329121215130079,0.6919927536231885,0.32666666666666666,False
341bbee5-310e-41ec-9aa7-fa56dbf76405,2025-05-15 00:00:00,37.0,0.12688571854225977,0.698452380952381,0.4,False
273cfb84-7afb-4f45-9c69-96b3a0c66c4f,2025-06-27 00:00:00,41.0,0.11328644481109038,0.7522549019607844,0.35,False
b310f5c7-d418-472c-a575-91f9eb3d33b3,2025-06-27 00:00:00,54.0,0.0,0.0,0.0,False
337c02da-e601-423d-bc2f-11aadf901a64,2025-07-15 00:00:00,40.0,0.33927312686974326,0.5629129793510325,0.95,True
a8c214fe-07e3-4251-b1b4-8bbc2848102f,2025-10-29 00:00:00,37.0,0.0,0.4,0.0,False
0836e512-daca-44eb-8707-f81753102cda,2025-02-01 00:00:00,53.0,0.17566960364109666,0.6730902777777777,0.5499999999999999,True
10283a5c-f8e8-49ad-9465-fe0176e61b3e,2025-08-04 00:00:00,56.0,0.1326304604789218,0.7695114942528736,0.6000000000000001,True
aaba85de-b91d-4963-8dc4-82b2667369ed,2025-08-08 00:00:00,31.0,0.13602396401701738,0.7617753623188406,0.575,True
807edbba-5c37-46b4-9f7c-44e7ad77013a,2025-08-01 00:00:00,32.0,0.10446386175466811,0.7202380952380952,0.29999999999999993,False
01d357ab-e4d5-411f-85d8-466111b75781,2025-06-04 00:00:00,39.0,0.14605229522197274,0.5671171171171171,0.45000000000000007,False
7121d069-32f2-4b5b-b008-be53b06780c1,2025-08-29 00:00:00,46.0,0.0,0.0,0.0,False
f21b7f14-64b4-4d32-be3d-9083f2caed16,2025-04-26 00:00:00,58.0,0.15390994641327857,0.4259259259259259,0.28333333333333344,False
297f1882-2e65-42b0-9e57-60a677217d74,2025-07-31 00:00:00,36.0,0.1406054792447677,0.6579166666666666,0.49999999999999994,False
3f9f2ecc-6485-40a1-ab2c-472e5e121f88,2024-07-30 00:00:00,59.0,0.11589052112063729,0.6198648648648648,0.5,False
82cddc1b-5868-40b7-b7cf-ea1f9e3634a4,2025-06-30 00:00:00,36.0,0.12215839901460779,0.7978623188405798,0.6266666666666667,True
0219a025-e7e5-4959-aa7a-cba6323905b4,2025-12-27 00:00:00,66.0,0.13085018386562303,0.7951863354037267,0.55,True
928c2ffb-8946-48e0-9aad-2a645aa25964,2025-12-19 00:00:00,33.0,0.2106984306559915,0.8595402298850574,0.8999999999999999,True
45875418-1ac8-4e7a-93c5-7e42b415164f,2025-07-04 00:00:00,44.0,0.15610074534444465,0.7010638297872341,0.44999999999999996,False
5018776e-970a-494b-8a4e-dfaabd6e404e,2025-06-30 00:00:00,61.0,0.0,0.0,0.0,True
9014c66b-6669-4b20-8cfc-bee9d3c40aff,2025-09-05 00:00:00,52.0,0.13800042625680126,0.6176470588235294,0.35,False
cddab721-c0f0-4dc8-8ead-611f8d3f382f,2025-12-13 00:00:00,45.0,0.19569644119681148,0.7302222222222222,0.85,True
b39de33f-1ed6-4cde-a2af-6d63c4a7931b,2024-11-06 00:00:00,57.0,0.0,0.0,0.0,False
60d951f9-fbd1-4116-b061-0b0df87a3779,2024-11-25 00:00:00,78.0,0.0,0.0,0.0,True
34a79d58-b00d-4515-b441-a6d31e4f6292,2025-10-08 00:00:00,40.0,0.11933661939542584,0.8064414414414415,0.3999999999999999,False
2b0f787a-f88e-44ac-8001-0cfb02bfb209,2025-05-31 00:00:00,31.0,0.17850459926359494,0.8406169429097606,0.925,True
c8f40ce2-6975-4e57-890b-14c3348dbdcb,2025-06-15 00:00:00,38.0,0.16518493123749667,0.4997916666666667,0.19999999999999996,False
b98b9445-a3be-4ea8-9801-4bdebfc11bbf,2025-09-06 00:00:00,37.0,0.23732972174887162,0.5694444444444444,0.85,True
d95d9eaa-f175-4075-92cc-2330876b7e90,2024-10-05 00:00:00,49.0,0.14952687010608134,0.5812499999999999,0.55,True
499e48f9-c8ba-4154-98d7-12015beb18fe,2025-01-31 00:00:00,49.0,0.16998198464422332,0.6958531746031746,0.3866666666666666,False
e45daa83-164e-4541-a7ed-63b0b98bba00,2025-10-20 00:00:00,38.0,0.11943590673033933,0.5007070707070707,0.49999999999999994,False
baa3c108-2115-4f06-a775-9835412199ee,2025-07-11 00:00:00,39.0,0.0854125112137678,0.8743632958801497,0.29333333333333333,False
386349cb-786a-43cf-a1aa-6c17299c607c,2025-11-28 00:00:00,63.0,0.15158898750535146,0.687843137254902,0.575,True
b4829533-743f-42f0-86a8-15b746e5351b,2024-11-17 00:00:00,35.0,0.0,0.0,0.0,False
d881af4f-65ae-46e8-a7ab-a665a9a563c5,2025-07-30 00:00:00,40.0,0.1953614172833076,0.6854020100502513,0.8,True
7c68ab11-7cd4-4f10-b42a-a5ee5eab4eaf,2025-04-19 00:00:00,44.0,0.16904327877519296,0.7509375,0.8233333333333334,True
b12a45db-4853-4eab-86e6-c9c92fc9845e,2024-12-16 00:00:00,65.0,0.13446428953923167,0.7483870967741936,0.4,True
4a528eb7-d735-4db3-a60d-51eab436782b,2025-08-14 00:00:00,36.0,0.12045239926130519,0.6163414634146341,0.3066666666666666,False
9464030a-9043-4718-82d9-d504ff2566a0,2025-08-11 00:00:00,32.0,0.1458923746473309,0.6413043478260869,0.35000000000000003,False
06df0e0d-b127-4e8d-bb87-d70f7c6635ff,2025-10-18 00:00:00,54.0,0.21108598169150564,0.628125,0.6,True
304eb523-aaa7-475f-89b1-d85b65ceeedf,2023-06-23 00:00:00,97.0,0.10881649065386763,0.7762711864406779,0.3999999999999999,True
11ecdb6a-4723-46a8-9141-f0e4ec6731b3,2025-05-24 00:00:00,33.0,0.10306098162770398,0.9017857142857143,0.30000000000000004,False
b4a5c3b7-5c0b-4a7b-a2f9-0645520ffc71,2025-09-19 00:00:00,31.0,0.11086778913041725,0.5625,0.25,False
1bdd7d6c-230a-43b3-b9e3-62d1de260e90,2025-08-04 00:00:00,33.0,0.1537882380913468,0.7212121212121212,0.75,True
3e76e7ac-e371-4157-9e07-675c587d772a,2025-06-28 00:00:00,31.0,0.1449183004793177,0.7224999999999999,0.505,True
167bb24b-8588-4850-a220-48d776a0f328,2025-03-19 00:00:00,32.0,0.15396812612496735,0.6205357142857143,0.42499999999999993,False
0639c19a-7378-4de7-9162-67185ad900f4,2026-01-01 00:00:00,44.0,0.15655433324970366,0.7111111111111111,0.5,False
9b411d3f-38d4-42a7-b52b-736e310f8d03,2025-05-09 00:00:00,32.0,0.19879367799628414,0.73890625,0.5499999999999999,True
43addf02-3268-43c7-b143-823e080743d5,2026-01-03 00:00:00,32.0,0.20648289320228247,0.6816666666666666,0.5866666666666667,True
3d5f7016-88e9-4777-b0ff-d117dd482868,2026-03-14 00:00:00,48.0,0.11224032173241354,0.788952380952381,0.31333333333333335,False
9a36f00a-cc0b-4401-be5b-d9a10d5c9f8c,2024-08-31 00:00:00,40.0,0.11459589710028725,0.794949494949495,0.39999999999999997,False
e1323fad-d18c-4c46-b19a-f722c59d7adc,2026-01-30 00:00:00,50.0,0.13265593029131978,0.7743859649122807,0.5133333333333334,True
8991068e-4d98-4b6d-979d-81091426549c,2025-05-26 00:00:00,48.0,0.12737824548917934,0.7332905982905983,0.29999999999999993,False
a35e2fee-8abe-404c-88a9-e57ea5c96948,2025-10-10 00:00:00,49.0,0.2644152229864784,0.6790350877192983,0.7,True
bbd8659a-00e7-4281-ba51-7a250640829f,2023-01-31 00:00:00,63.0,0.1370323025525439,0.6856906906906907,0.925,True
9624ac39-06c3-4d2d-9a1a-8f001269811b,2024-12-21 00:00:00,79.0,0.11639790537132576,0.8002230046948356,0.44999999999999996,True
d6bed385-9cbd-4de5-9317-7f8253952954,2025-10-17 00:00:00,48.0,0.1577160642014457,0.6515862068965518,0.75,True
833c6c9d-d2bd-40a3-9f47-40c8dadb4ce5,2025-11-21 00:00:00,34.0,0.13185187495465783,0.8049026763990267,0.47000000000000003,False
b277d549-9b68-498e-af2c-df4a0ea35667,2025-09-15 00:00:00,34.0,0.14823270379013692,0.7052991452991453,0.5,False
5ec46581-db7d-4fe1-8fd8-feb669b42174,2025-03-21 00:00:00,31.0,0.15621524003602272,0.5457317073170732,0.4,False
ae096e99-41e8-43e9-88f1-f180209913bb,2025-05-09 00:00:00,32.0,0.1495893508174653,0.7184560327198364,0.5,False
4dccbd6b-332c-4bdf-89f7-29346b2866c7,2025-08-01 00:00:00,41.0,0.13369625315191078,0.7313812785388127,0.76,True
6c62acef-e78d-40e9-b54f-567cac4d438f,2025-07-31 00:00:00,34.0,0.17178830968537026,0.7562962962962962,0.7000000000000001,True
01278eff-d030-4423-a96a-8ab09109196a,2025-07-14 00:00:00,34.0,0.26880001398561143,0.6063768115942029,0.7033333333333334,True
18831c03-da19-404d-a8b5-78c3ca2fc5d0,2025-11-14 00:00:00,41.0,0.12651645451314877,0.7996396396396396,0.39999999999999997,False
e88c3762-5f3e-418e-86dc-2d594b4ea0fa,2025-08-20 00:00:00,36.0,0.17591120796134552,0.19148148148148147,0.25,False
54266fc8-d634-4b1c-a7bd-30e3b93d0342,2026-01-28 00:00:00,31.0,0.15641098376035012,0.6390204678362573,0.5066666666666667,True
c9c7401e-2ed7-436e-ab89-481c257f07e1,2025-03-21 00:00:00,33.0,0.21050191189938103,0.6298458574181118,0.7,True
702b3276-95ad-4564-af50-39e9d499e2f0,2025-07-25 00:00:00,32.0,0.1405935185835402,0.7193798449612403,0.5733333333333335,True
63a5cb62-54b9-4f58-87aa-95da62a7f7ba,2025-05-06 00:00:00,57.0,0.18075960319946402,0.6171666666666666,0.55,True
f24f500d-ffa3-4147-ac23-bcc826736aee,2025-02-18 00:00:00,145.0,0.10300000637351706,0.8429425837320573,0.4,True
8053af59-cb2e-41e6-9630-eb8b8cf35e30,2025-07-29 00:00:00,36.0,0.12985727416601914,0.8121198830409356,0.5499999999999999,True
f5948896-91f3-4df9-90b8-92c5d1bc30cb,2025-06-21 00:00:00,31.0,0.1493562073984646,0.69281045751634,0.42500000000000004,False
4e18383c-9cc1-4f43-9d14-a30349af75b3,2025-10-25 00:00:00,34.0,0.09590150712847456,0.6396551724137931,0.35,False
64747d16-0e80-4867-8b49-ac83f657bf70,2025-08-10 00:00:00,31.0,0.1504030837531009,0.8474096385542168,0.7,True
116c9572-eb31-422a-a537-89d93313c5c0,2025-06-07 00:00:00,42.0,0.0,0.4,0.0,False
92b93915-f2c0-4cea-aa6f-68ef0b1f85e0,2025-08-29 00:00:00,32.0,0.24728940480979528,0.6994791666666667,0.72,True
b7a20c49-40b4-4ce1-ae74-ccb4827b0333,2025-09-30 00:00:00,41.0,0.12920171018649404,0.6650766283524904,0.43333333333333335,False
1f6344d8-b833-49a2-a719-4192316d71c3,2025-10-31 00:00:00,45.0,0.13694056152690612,0.6795833333333333,0.35,False
b7dd3b96-3506-455e-bda4-cb4258ac61e0,2025-05-02 00:00:00,46.0,0.13322435604961394,0.6310526315789474,0.45,False
b183c5c1-ba7f-41e3-9da9-545b02de7b71,2024-10-08 00:00:00,48.0,0.14094863189874018,0.6476881720430108,0.6933333333333334,True
02409251-2622-4adf-b165-fa23ad3e71e9,2025-03-29 00:00:00,31.0,0.152324089968354,0.5137142857142857,0.42666666666666664,False
b7dfb695-8c52-4d75-b9f6-f2386358bf57,2025-04-25 00:00:00,31.0,0.09268134619637926,0.7864761904761904,0.35,False
90d20e54-520e-4981-953b-a93b1615eee9,2026-02-27 00:00:00,31.0,0.1863533313428126,0.6173076923076923,0.44999999999999996,False
e020172d-059a-47d1-b075-148ca1297677,2025-09-23 00:00:00,38.0,0.18138035931644503,0.62875,0.45,False
84352975-d948-46ca-aad9-3d7fa6619112,2025-08-29 00:00:00,37.0,0.08291561975888499,0.825,0.15000000000000002,False
96cb86a1-f8d5-458c-9410-1600596ef0ba,2025-12-06 00:00:00,40.0,0.11833962745133202,0.7289473684210526,0.35,False
840d7d26-4203-46e5-b75d-d8c813c6d354,2024-04-27 00:00:00,75.0,0.12128750518799818,0.7918992248062016,0.3999999999999999,True
5ef42868-c77b-43cf-b7c8-86e42d4b98e9,2026-03-14 00:00:00,33.0,0.0977568936516001,0.8411111111111111,0.30000000000000004,False
d1295445-27b2-4d3e-8c06-f5107d8cefcb,2025-09-27 00:00:00,33.0,0.1056777001760821,0.7859313725490197,0.29333333333333333,False
ada5c774-2c91-4461-8074-fdadb45d8766,2025-04-21 00:00:00,39.0,0.12054473983275589,0.4668686868686869,0.33333333333333337,False
f02017a8-5904-4d14-862b-770f310b73c4,2025-05-27 00:00:00,32.0,0.1609991032062329,0.7101190476190476,0.44999999999999996,False
f0430f8d-15de-4f1f-bdcd-fb5d68786b4a,2025-09-05 00:00:00,47.0,0.02904385910367262,0.973611111111111,0.09999999999999998,False
a4de70d0-8915-4b98-bbcd-e7f1d227bec3,2025-06-16 00:00:00,33.0,0.12276314092614879,0.7299509803921569,0.44999999999999996,False
0221a8d2-d830-4147-a1c8-3b5454c419b2,2024-08-31 00:00:00,37.0,0.08574929257125442,0.861764705882353,0.19999999999999996,False
55d46f18-370d-4189-9454-9e36e8078176,2025-10-25 00:00:00,59.0,0.09690090271115416,0.8274193548387097,0.35,False
e8689ac8-dfa9-41b3-be1c-c89c54bb41b9,2025-06-29 00:00:00,65.0,0.20557487543901054,0.7161764705882353,0.9,True
8ae2a420-2939-4c6f-9ec5-1a1c447eb253,2025-11-28 00:00:00,54.0,0.147290340635238,0.8150000000000001,0.35,False
375b6209-dacf-4f71-ad45-1188b96942ae,2025-01-11 00:00:00,35.0,0.10727839412553603,0.8394230769230769,0.25,False
8319a8da-1a70-41cd-bdd2-72e7fbe5a2c2,2025-08-02 00:00:00,41.0,0.13040296856485406,0.70125,0.325,False
832a8860-3295-48c6-b692-ee5446992bb6,2026-01-04 00:00:00,37.0,0.13491895715576818,0.790625,0.35,False
82d9ba3b-4311-4876-a7d4-084163c65cd0,2024-11-25 00:00:00,53.0,0.14744562799790664,0.7033760683760685,0.65,True
aa7c5ae6-22fa-4462-9d86-a3c3fc318872,2025-07-06 00:00:00,38.0,0.05933186675352384,0.8997979797979797,0.19999999999999996,False
0b690caa-62a7-4878-82f5-cfa71cf6ffc6,2025-04-16 00:00:00,31.0,0.0,0.5,0.0,False
26e2808e-0312-44ed-a5fb-ef4de53dca8b,2025-09-03 00:00:00,31.0,0.08934654012777571,0.8607142857142858,0.25,False
bfcc6ec1-88e9-4704-989e-c2c46e72c646,2026-02-13 00:00:00,38.0,0.1325542262458006,0.6002777777777778,0.3,False
6b985f0b-acb3-4af1-b47a-3f0c648ff06b,2025-08-29 00:00:00,49.0,0.14335674104422802,0.7226851851851852,0.45,False
4be78934-6b7e-41b6-bd7c-6de694fc81a4,2025-08-18 00:00:00,37.0,0.1496822030328319,0.6761904761904761,0.6499999999999999,True
0f4842e6-3213-48e5-b3f4-e675c035f9fe,2025-08-16 00:00:00,43.0,0.08660254037844389,0.775,0.09999999999999998,False
aacb773f-89d9-4985-a3b0-6c053b18e727,2025-09-15 00:00:00,32.0,0.09134301150955111,0.901388888888889,0.375,False
3a6561ea-8608-49ad-82ce-39d5bbdd6a3a,2025-08-29 00:00:00,33.0,0.08539125638299666,0.8125,0.15000000000000002,False
2e4ed24b-b26c-472d-8cab-049501078c0a,2025-02-08 00:00:00,42.0,0.1315144578804131,0.8275,0.525,True
7d475abc-2757-4776-8911-1a085c85a39c,2025-02-28 00:00:00,42.0,0.0,0.5,0.0,False
f20bbf98-27c7-495c-b9cc-0b095aeaaa20,2026-01-01 00:00:00,41.0,0.140625890310572,0.7038461538461539,0.3999999999999999,False
58e465b6-e2a7-4d2d-bdcb-a05fd38f9ae9,2025-05-31 00:00:00,76.0,0.157247096117775,0.6817973856209151,0.55,True
cb59fba8-c714-4b8a-ae3c-141365bbeb45,2025-12-31 00:00:00,35.0,0.10841959090638409,0.7538461538461539,0.30000000000000004,False
d42bf4c8-d5a0-4bc0-99b6-50a8ad5abaf1,2025-06-06 00:00:00,45.0,0.0,0.0,0.0,False
bfe3f3de-f63f-4b2c-b5a6-029253b5f4e9,2025-08-11 00:00:00,32.0,0.11054001907211812,0.7576923076923077,0.3999999999999999,False
edb1b16a-dfcb-46ab-965a-1389f090bb2f,2025-03-11 00:00:00,36.0,0.14685536529694213,0.4027272727272727,0.45,False
ded4a546-6909-4b26-8356-eb2f0d1df9cf,2025-02-28 00:00:00,46.0,0.1415770932189826,0.6796153846153846,0.3866666666666667,False
85bb980d-fbd1-4741-94d3-24164400a962,2025-06-02 00:00:00,35.0,0.11328387667702693,0.706086956521739,0.35,False
f54c0ad5-fbd4-4ebe-945b-914eae1d9c42,2026-01-21 00:00:00,33.0,0.17723126005372153,0.7616666666666667,0.6000000000000001,True
1a9c279b-067b-4412-aec7-6550411e9abd,2025-05-27 00:00:00,41.0,0.24305333008044488,0.8220411985018726,0.95,True
ea3f22e2-bb9b-410f-ac89-21f571f22371,2025-06-30 00:00:00,73.0,0.1593043772637294,0.5682692307692307,0.4,True
7d09b2a1-6a57-43c2-ac9c-76f12bc02dd0,2025-12-08 00:00:00,52.0,0.08496322568862592,0.8412666666666666,0.29999999999999993,False
ee81a414-a597-4162-ae37-e8c873bf3c5c,2026-06-19 00:00:00,34.0,0.16938580210075066,0.4907142857142857,0.5216666666666667,True
27ed4de4-6eb5-4515-a431-72f80a0b15d2,2025-06-18 00:00:00,37.0,0.12832249630973933,0.5792261904761905,0.5,False
e5836828-2529-4046-948e-89f684fc3190,2025-07-17 00:00:00,52.0,0.18929694486000911,0.7166666666666667,0.30000000000000004,False
d6fcb245-bcb0-41c7-88f2-d0e759635a62,2024-10-18 00:00:00,47.0,0.0,0.0,0.0,False
05b9b436-7c4e-417d-9dd3-d2a602061c9a,2025-12-27 00:00:00,64.0,0.1283562211308807,0.8061531007751938,0.525,True
5f077b6e-6e3a-491a-ae0f-bfd83fa01dbf,2025-09-05 00:00:00,54.0,0.08304241009995157,0.8227027027027027,0.19999999999999996,False
ccd6afa3-167c-4e59-9f0d-bfdf294ace88,2025-03-03 00:00:00,34.0,0.19075707823680146,0.6496203703703703,0.7866666666666666,True
8907cf74-d720-4778-b0ce-1d032022afb1,2025-01-22 00:00:00,35.0,0.1460234204188828,0.696125,0.35,False
a149ad28-cc6c-4a0b-b09b-a08c2050ba61,2025-07-31 00:00:00,39.0,0.21213203435596428,0.65,0.30000000000000004,False
63c469b7-775c-444c-8c0f-78c278a1201b,2025-03-31 00:00:00,49.0,0.06403089943585658,0.8426086956521739,0.15000000000000002,False
59627113-0c52-4d7b-9bef-3e91aa66b783,2025-09-20 00:00:00,31.0,0.1838811926381798,0.7353954802259888,0.75,True
0a12895a-5d1d-4452-a58b-1788dd53b7d7,2025-06-08 00:00:00,85.0,0.16275227768780692,0.7580183727034121,0.85,True
e4baad1b-8c9f-4a44-aad9-895b53487316,2024-10-15 00:00:00,59.0,0.15181037849954854,0.5677536231884057,0.45,False
003afb9c-ade5-4ebe-8e74-cc16c4f98b7b,2023-04-25 00:00:00,32.0,0.09095272746604438,0.8975520833333334,0.2533333333333333,False
a9987395-7054-42a4-a30b-664a4eeeb72a,2025-11-12 00:00:00,37.0,0.12292698885754227,0.5621383647798742,0.45000000000000007,False
6f7817ec-d931-472d-aaf1-f6e9c17b3a13,2025-05-30 00:00:00,34.0,0.11850507242380365,0.756051282051282,0.4,False
75eec0f2-62b3-4fa2-bd54-8e51072d6db1,2025-03-26 00:00:00,39.0,0.0,0.0,0.0,False
7c6d0f44-aa63-4ce6-8a3c-3aaf9b57f86a,2024-11-12 00:00:00,31.0,0.1984183183575273,0.567,0.3366666666666667,False
b1f984b6-c83b-4ceb-864d-3a053dc00bae,2025-08-14 00:00:00,39.0,0.17844035849118198,0.4851923076923077,0.7000000000000001,True
b463b30c-5563-47f3-a93b-8ab7ce3e257b,2025-10-15 00:00:00,44.0,0.2003469213361884,0.5916666666666667,0.0,False
c1c27c21-b61c-4051-9144-a9738477ba7f,2025-08-20 00:00:00,71.0,0.1675421107823456,0.6264087301587301,0.5,True
bffdf282-6674-453a-bbc0-31b20558c48d,2024-07-08 00:00:00,40.0,0.09112747451151434,0.7765322580645162,0.30000000000000004,False
05732ae2-121b-41f2-9582-b7ab97138701,2025-08-15 00:00:00,35.0,0.0,0.75,0.0,False
77f081c5-d1e6-4116-ac48-221260c16e13,2024-02-06 00:00:00,70.0,0.20329623181308548,0.5980246913580247,0.5066666666666667,True
5dc63da4-24c1-420a-8b2f-903320afdc49,2025-05-23 00:00:00,101.0,0.13280512776800152,0.6860984848484848,0.30000000000000004,True
946da8e7-8944-4992-b4ba-d702503e74f2,2025-05-31 00:00:00,35.0,0.12814035638252227,0.4941358024691358,0.39999999999999997,False
fc5e912d-aadf-4b5e-ac18-08d5d1032265,2025-10-20 00:00:00,32.0,0.16946511837217987,0.7706410256410255,0.45,False
611945ee-426b-4385-9476-885e62892297,2024-08-16 00:00:00,49.0,0.1975417710833618,0.687936507936508,0.7999999999999999,True
61097e74-f4a4-4450-a3c0-0f948f6daf86,2025-11-14 00:00:00,31.0,0.0,0.0,0.0,False
cb3dd2c5-4e96-4059-a981-fc1f264a1b1f,2025-09-10 00:00:00,35.0,0.12008542173196879,0.8380208333333333,0.4,False
b9bad729-b8b4-44c6-8d84-3c92114ff87e,2025-03-19 00:00:00,37.0,0.15297956089048648,0.7276010101010101,0.44999999999999996,False
049fb1bd-cd66-4837-93e3-6841d3cf4e22,2025-10-25 00:00:00,38.0,0.0,0.0,0.0,False
f212820e-7580-4214-9971-c14116e476d7,2025-11-17 00:00:00,43.0,0.08072685672578486,0.9023809523809524,0.30000000000000004,False
c490f0f5-68c8-43aa-978d-9bd115a0496d,2025-01-24 00:00:00,52.0,0.054583510036468275,0.9348765432098765,0.19999999999999996,False
26d146b6-4eea-43bd-8159-d73524fdc8e8,2025-04-13 00:00:00,34.0,0.10760340596716424,0.6074444444444445,0.25333333333333335,False
7016d476-87ef-4ff9-915d-d0f8ca059b33,2026-02-07 00:00:00,33.0,0.08167285072442701,0.8386363636363636,0.19999999999999996,False
8200827d-273e-46bf-ae47-cf3559df5c23,2025-09-26 00:00:00,53.0,0.15671478579580195,0.45992424242424246,0.65,True
29f1542e-a5cf-4e86-b266-686d50d254ff,2025-08-20 00:00:00,38.0,0.0936174728949208,0.7321333333333333,0.25,False
e69a059c-b36a-4042-b64d-43d47f3cd2ea,2025-11-17 00:00:00,33.0,0.1025411592600924,0.7970666666666666,0.35,False
f4a2f431-d1de-4fb8-a5e0-959b6224c0d4,2025-05-09 00:00:00,37.0,0.1430783305283562,0.676505078485688,0.55,True
09fb0772-4d0f-4550-ac1b-2573e3a20490,2025-08-17 00:00:00,35.0,0.1384717346475312,0.5527777777777778,0.45000000000000007,False
c1953566-f3f5-4d91-a23a-8d7a4dee9ddd,2025-08-11 00:00:00,36.0,0.08845745995800593,0.8344166666666666,0.25,False
fed5bf9e-a012-46df-b01f-5a7156d72a3d,2025-05-11 00:00:00,41.0,0.06853986006916453,0.8777777777777778,0.25,False
ae0a2cf2-9089-450c-af4b-ac3e111882d9,2023-06-16 00:00:00,43.0,0.1272186142635242,0.8638271604938272,0.5766666666666667,True
69c57ee9-4267-47e4-8d4f-d12ee98d6dd3,2025-12-22 00:00:00,35.0,0.12751957745648365,0.6836868686868687,0.35000000000000003,False
bdaa35f8-7432-41ae-966b-1ed52c91800e,2023-06-23 00:00:00,49.0,0.10415622570296039,0.8245945945945946,0.22499999999999998,False
e93677c8-3877-4a06-b560-b4a8b3f8f342,2025-02-10 00:00:00,39.0,0.10509359018709323,0.669861111111111,0.325,False
8aea2fb6-b0bf-4257-900c-889fc6e37859,2025-05-15 00:00:00,31.0,0.14669124849978554,0.6801724137931034,0.5,False
55676216-042f-4fa1-9f59-e5233be62ad0,2025-06-30 00:00:00,31.0,0.12440140072372291,0.6442307692307693,0.35,False
d4f6b99b-0b6d-4f18-83e9-76b01fe15a44,2023-04-11 00:00:00,38.0,0.16581900240455422,0.5943181818181817,0.6,True
cb660615-6072-4a2b-85d6-ea0f222bc3b7,2025-05-02 00:00:00,52.0,0.08495870641290788,0.8610555555555556,0.22499999999999998,False
66b00e87-1bb5-4a74-9bc3-0a57717fd5ec,2025-08-09 00:00:00,41.0,0.0,0.0,0.0,False
ceab77aa-8952-45b4-ade5-41830fac1731,2025-07-30 00:00:00,58.0,0.15556719148152356,0.635958904109589,0.55,True
b5719ffa-96f4-457b-94b2-2a247bb9e210,2025-05-30 00:00:00,35.0,0.17116262240472574,0.7879022988505746,0.42500000000000004,False
bc8e1de3-274c-44f2-a0fd-82f844269fd0,2025-12-19 00:00:00,34.0,0.12547110105071826,0.7435714285714285,0.45000000000000007,False
0e59c388-d819-4c86-a980-ddc85e138943,2024-12-16 00:00:00,51.0,0.3135007653868819,0.7205813953488373,0.95,True
3cd9e7e9-67f4-42be-a321-f8376a925724,2025-03-28 00:00:00,49.0,0.0,0.0,0.0,False
d48fac9f-8f57-45bc-82c4-c6fcc7ba95cb,2025-09-24 00:00:00,58.0,0.1450305228016948,0.7516666666666667,0.47500000000000003,False
958568f7-34c8-44d2-928a-ae364422e376,2024-01-26 00:00:00,51.0,0.11313708498984758,0.57,0.29999999999999993,False
a2ccb923-362a-42dc-ad41-f61c274939d0,2024-10-20 00:00:00,41.0,0.13243460823769787,0.7325686274509804,0.4,False
5d16729d-32ba-4a24-923c-14b1f54ee0c3,2025-08-05 00:00:00,41.0,0.09760805840830619,0.8435641025641025,0.29999999999999993,False
ba7ca05f-9fbb-47d4-861c-a5a3ecd3c8cd,2026-01-30 00:00:00,40.0,0.13708376811588005,0.3708641975308642,0.3,False
e79ea4fd-84a0-49e9-a923-74100e822801,2025-09-18 00:00:00,34.0,0.20333487834437738,0.6330357142857144,0.8,True
d9c83e14-0bc5-4436-a79b-663b01f3ddcd,2025-06-03 00:00:00,54.0,0.14006675216231732,0.7644318181818182,0.7000000000000001,True
ec6855f5-cef9-4c36-98f5-29749f4d9bc6,2024-11-27 00:00:00,56.0,0.0353553390593274,0.175,0.0,False
eb85858e-7c0b-416d-b434-32e85c8573d5,2025-04-04 00:00:00,47.0,0.0,0.0,0.0,False
097bf253-cf04-4386-900c-f5dd7103b460,2025-04-25 00:00:00,49.0,0.06291528696058958,0.7166666666666667,0.07499999999999996,False
29c9f464-1669-4e4e-b43b-909e5945c05a,2025-12-01 00:00:00,33.0,0.16284507520498898,0.3544444444444444,0.39999999999999997,False
d62b28af-a246-4834-9942-8638ea19124f,2025-06-07 00:00:00,32.0,0.12484869076605067,0.7638812785388128,0.375,False
fe2c0588-3278-48b0-9bd5-27973c00693a,2025-11-07 00:00:00,54.0,0.1527057168141141,0.6402777777777778,0.32499999999999996,False
2e941342-6273-4a00-b0af-3db7f5154a9d,2025-04-11 00:00:00,41.0,0.14406993975491075,0.7479508196721312,0.44999999999999996,False
c8e520ec-b59a-476b-b9c9-834fb4939b0e,2022-10-17 00:00:00,51.0,0.08901298113652195,0.8244594594594594,0.32500000000000007,False
66332ffd-fd2c-4801-b49e-d87a0a91edf5,2025-08-09 00:00:00,43.0,0.11873770476953249,0.6361538461538461,0.5,False
70550f6f-d9ca-4cc8-9f11-87028d42d201,2023-09-07 00:00:00,43.0,0.21202678402234268,0.48125,0.6,True
cb6dd5cb-43aa-4e17-836f-03d7b9d7c482,2025-12-10 00:00:00,45.0,0.2439322771599852,0.36115384615384616,0.6766666666666666,True
af5e61eb-2b13-48b7-b4ca-f6cdaf90b02c,2025-11-08 00:00:00,34.0,0.10264362759428512,0.3625,0.25,False
6b606b36-8bcb-4e71-9084-4dc7cf0245a5,2024-11-22 00:00:00,56.0,0.0957427107756338,0.75,0.19999999999999996,False
14a460f7-10ee-428a-bcc2-1596ed0d0418,2025-09-10 00:00:00,53.0,0.15553265597211544,0.6836486486486486,0.5,False
cae3585a-dd76-4c05-bf97-926f417e551c,2025-09-26 00:00:00,51.0,0.15018026685990588,0.8272727272727273,0.30000000000000004,False
7e344c1d-f6b0-4121-bf55-acec50a31996,2025-04-11 00:00:00,39.0,0.19118466168985357,0.7958641975308642,0.85,True
3483f3db-8f46-4b50-b472-bf712bb21ce3,2025-11-30 00:00:00,33.0,0.13636696683664085,0.6425862068965518,0.39999999999999997,False
