user_id,risk_tier,final_score,risk_score,model_score_norm,flags,auth_events,unique_device_families,device_switches,content_events,content_unique_ips,concurrent_max_distinct_ips,concurrent_event_ratio,password_reset_count,password_resets_after_positive,reset_device_diversity_change,post_positive_content_count,post_positive_exam_count
f56ac25c-dd37-4ecf-bd30-0926d7230fa5,high,0.8979760380464605,4.7,0.9993140662154747,"impossible_travel,concurrent,device_diversity,post_success",20.0,4.0,8.0,229.0,55.0,2.0,0.1004366812227074,,,,108.0,30.0
9f09f93f-b294-4a26-8adb-138c7d815684,high,0.8472727272727272,4.3,1.0,"impossible_travel,device_diversity,post_success,reset_shift",22.0,4.0,10.0,183.0,13.0,1.0,0.0,4.0,2.0,3.0,49.0,3.0
c2f8c50f-da58-4e60-bb11-a092abc636f1,high,0.8472590085970366,4.3,0.9999542710810316,"impossible_travel,device_diversity,post_success,reset_shift",30.0,4.0,8.0,76.0,22.0,2.0,0.0131578947368421,2.0,2.0,3.0,76.0,0.0
59fab9ac-a52d-4e93-bc44-981c57a83623,high,0.7707444668008048,3.7,0.9994512529723797,"impossible_travel,concurrent,post_success",20.0,3.0,6.0,53.0,17.0,2.0,0.0566037735849056,,,,53.0,32.0
77f081c5-d1e6-4116-ac48-221260c16e13,high,0.7453722334004024,3.5,0.9997256264861899,"impossible_travel,device_diversity,post_success",51.0,5.0,31.0,272.0,27.0,1.0,0.0,,,,272.0,73.0
d90e88eb-cd62-44f2-ab0b-e794df80a540,high,0.7448097676970916,3.5,0.9978507408084872,"impossible_travel,device_diversity,post_success",6.0,4.0,5.0,169.0,14.0,2.0,0.0118343195266272,,,,169.0,58.0
786ca853-3cfb-4e29-a11c-19c0cf2097e0,high,0.7447137369672581,3.5,0.9975306383757088,"impossible_travel,device_diversity,post_success",10.0,4.0,5.0,297.0,8.0,1.0,0.0,,,,211.0,40.0
e18fda1f-828e-4626-81b8-eea0240b9fd4,high,0.7436573989390891,3.5,0.9940095116151454,"impossible_travel,device_diversity,post_success",33.0,4.0,14.0,43.0,3.0,1.0,0.0,,,,43.0,0.0
4dea8d4d-b549-4d9a-a3b5-c3560f2afbd9,high,0.7424775928297055,3.5,0.9900768245838668,"impossible_travel,device_diversity,post_success",26.0,5.0,14.0,,,,,,,,0.0,1.0
ad956259-bd81-4f17-838f-4c566558baef,high,0.7196707517834278,3.3,0.9989025059447595,"impossible_travel,device_diversity,reset_shift",69.0,5.0,39.0,53.0,5.0,1.0,0.0,2.0,0.0,4.0,,
b9ad3a8f-d6a3-4591-9961-e413899a6609,high,0.7052972379732942,3.2,0.9934150356685568,"concurrent,device_diversity,post_success",10.0,4.0,5.0,7.0,4.0,2.0,0.1428571428571428,,,,7.0,26.0
96354ca7-5340-4579-b6c3-6197bbea0d5b,high,0.6804188768977502,3.0,0.9953356502652277,"concurrent,device_diversity,reset_shift",31.0,4.0,12.0,473.0,22.0,3.0,0.0591966173361522,4.0,0.0,2.0,0.0,0.0
822e61cc-12dd-4716-aeb9-1958647e6ece,high,0.6432522407170294,2.7,0.998719590268886,"impossible_travel,concurrent",99.0,3.0,46.0,441.0,159.0,3.0,0.0748299319727891,2.0,0.0,-1.0,,
f6a3ad7a-b85d-4e21-9c7c-cc5abe2785d5,high,0.6429641485275288,2.7,0.9977592829705506,"impossible_travel,concurrent",22.0,2.0,7.0,406.0,215.0,3.0,0.0862068965517241,8.0,0.0,-1.0,,
9d0dc421-4551-4ca7-999f-da7ca5f77f1a,high,0.6426897750137186,2.7,0.9968447045911835,"impossible_travel,concurrent",7.0,3.0,3.0,31.0,10.0,2.0,0.064516129032258,2.0,0.0,1.0,,
72c59726-2852-46fb-81da-3bc4bc3312c1,high,0.6409886592280958,2.7,0.9911743186391073,"impossible_travel,concurrent",13.0,2.0,6.0,271.0,19.0,3.0,0.1697416974169741,,,,,
69c7ffcd-ab28-4e00-8058-2e15b0c25ea9,high,0.6408651911468812,2.7,0.9907627583683921,"impossible_travel,concurrent",21.0,3.0,5.0,202.0,24.0,2.0,0.0544554455445544,,,,,
46e67b6f-750a-4de6-beae-4b8a009b01cc,high,0.640261569416499,2.7,0.9887506859337846,"impossible_travel,concurrent",10.0,3.0,6.0,182.0,57.0,2.0,0.1593406593406593,,,,,
747d0e86-18a0-4153-8638-998f99de9eef,high,0.6402066947137369,2.7,0.9885677702579111,"impossible_travel,concurrent",78.0,2.0,13.0,187.0,60.0,2.0,0.0855614973262032,,,,0.0,0.0
2fcd65f8-dca7-462a-881e-0393bc6e4007,high,0.6397676970916407,2.7,0.9871044448509237,"impossible_travel,concurrent",12.0,2.0,8.0,12.0,8.0,2.0,0.0833333333333333,2.0,0.0,-1.0,,
816d055f-1b8c-4448-a75c-c6b3d1633fce,high,0.6385330162794951,2.7,0.9829888421437717,"impossible_travel,concurrent",3.0,2.0,1.0,7.0,6.0,2.0,0.1428571428571428,,,,,
2ce88707-6699-4e78-9343-c5939d0a1ae9,high,0.6384095481982806,2.7,0.9825772818730565,"impossible_travel,concurrent",21.0,3.0,11.0,129.0,26.0,3.0,0.1860465116279069,,,,,
ac8c0f25-92b8-4961-a848-b46b53335dbc,high,0.6383546734955186,2.7,0.9823943661971831,"impossible_travel,concurrent",9.0,3.0,4.0,154.0,18.0,2.0,0.1428571428571428,,,,,
ed3bc9c1-a5b1-4d3e-b61d-48ef5840f9a0,high,0.6375589903054693,2.7,0.9797420888970185,"impossible_travel,concurrent",7.0,2.0,2.0,15.0,13.0,2.0,0.1333333333333333,4.0,0.0,0.0,,
4a440118-4e8a-437f-93d9-38b40c35a082,high,0.6373257728187305,2.7,0.9789646972745565,"impossible_travel,concurrent",4.0,3.0,3.0,6.0,4.0,2.0,0.3333333333333333,,,,,
b1c5f994-710f-40dd-8760-24c35f7f369a,high,0.6367633071154197,2.7,0.9770898115968538,"impossible_travel,concurrent",18.0,3.0,9.0,114.0,32.0,2.0,0.0789473684210526,,,,,
9288d384-a93a-412a-8ad5-a4e66e660f67,high,0.6363654655203951,2.7,0.9757636729467716,"impossible_travel,concurrent",15.0,3.0,7.0,155.0,27.0,3.0,0.0516129032258064,,,,,
8350f9b0-f0dd-4fa8-aae6-f83c536f019a,high,0.6354737516005121,2.7,0.9727912932138284,"impossible_travel,concurrent",8.0,1.0,0.0,15.0,6.0,2.0,0.2666666666666666,,,,,
e777efa6-83b3-437d-be4a-fc12f128f3cc,high,0.6353777208706786,2.7,0.9724711907810499,"impossible_travel,concurrent",18.0,3.0,9.0,10.0,3.0,2.0,0.1,,,,,
74a21099-483d-4d20-8a41-477f2c31bd7a,high,0.6347740991402964,2.7,0.9704591183464423,"impossible_travel,concurrent",11.0,3.0,6.0,156.0,12.0,2.0,0.0833333333333333,,,,0.0,0.0
cb7cd246-4716-4ded-a8ba-e2435f82d610,high,0.6338412291933418,2.7,0.9673495518565941,"impossible_travel,concurrent",4.0,2.0,1.0,432.0,15.0,2.0,0.0509259259259259,,,,,
75235879-58b7-4217-84ab-ee2ad91234fd,high,0.6306447777574538,2.7,0.9566947137369672,"impossible_travel,concurrent",3.0,2.0,2.0,6.0,3.0,2.0,0.1666666666666666,,,,,
1d8a69a4-f4f6-45c8-bd02-ff3d80e497f9,high,0.6305899030546918,2.7,0.9565117980610939,"impossible_travel,concurrent",12.0,2.0,5.0,144.0,25.0,2.0,0.0902777777777777,,,,,
3e051d58-4745-42d1-be07-9a0b89a8913e,high,0.6297667825132613,2.7,0.9537680629229925,"impossible_travel,concurrent",7.0,2.0,3.0,142.0,14.0,2.0,0.1126760563380281,,,,,
d3d0ab60-e54e-4945-8c0d-d7879c1e0174,high,0.6226879458569599,2.7,0.9301719407353211,"impossible_travel,concurrent",5.0,3.0,4.0,28.0,6.0,2.0,0.0714285714285714,,,,,
baa3c108-2115-4f06-a775-9835412199ee,high,0.6181543808304372,2.5,0.9999085421620633,"impossible_travel,post_success",12.0,2.0,4.0,489.0,12.0,2.0,0.0061349693251533,2.0,2.0,1.0,333.0,72.0
fb904c67-4111-467f-b5db-050f6088a92d,high,0.6181406621547466,2.5,0.9998628132430949,"impossible_travel,post_success",34.0,2.0,5.0,137.0,4.0,1.0,0.0,2.0,2.0,0.0,137.0,3.0
6070a1d9-f56b-49f7-88ab-d394fabe8187,high,0.6181132248033656,2.5,0.9997713554051583,"impossible_travel,post_success",36.0,3.0,17.0,170.0,6.0,1.0,0.0,4.0,0.0,1.0,16.0,38.0
ce3211e1-3560-4880-8d27-5debf90f69d4,high,0.6180720687762942,2.5,0.9996341686482532,"impossible_travel,post_success",15.0,2.0,2.0,126.0,5.0,1.0,0.0,2.0,2.0,-1.0,0.0,119.0
eedd81e0-ac7f-4caa-8469-253190895efc,high,0.6180583501006036,2.5,0.9995884397292848,"impossible_travel,device_diversity",320.0,6.0,138.0,975.0,44.0,2.0,0.0205128205128205,,,,,
2c992081-0e8e-405b-a518-6a5621f0e28f,high,0.6179897567221511,2.5,0.9993597951344431,"impossible_travel,post_success",12.0,3.0,5.0,104.0,2.0,1.0,0.0,2.0,2.0,1.0,104.0,15.0
273cfb84-7afb-4f45-9c69-96b3a0c66c4f,high,0.6179623193707701,2.5,0.9992683372965063,"impossible_travel,post_success",18.0,3.0,12.0,275.0,30.0,3.0,0.0363636363636363,,,,211.0,10.0
d47ab680-6fb2-4a2d-9fe6-092480d17053,high,0.6179486006950796,2.5,0.999222608377538,"impossible_travel,post_success",8.0,3.0,2.0,178.0,11.0,1.0,0.0,2.0,2.0,1.0,85.0,4.0
890203cb-28e2-4d4c-b651-0d9751ef1665,high,0.617907444668008,2.5,0.9990854216206329,"impossible_travel,device_diversity",98.0,4.0,23.0,240.0,59.0,2.0,0.0166666666666666,2.0,0.0,0.0,,
a5808a6d-d008-4c7e-9c9d-0733b657c1c5,high,0.6178800073166271,2.5,0.9989939637826962,"impossible_travel,post_success",12.0,2.0,7.0,2.0,1.0,1.0,0.0,6.0,6.0,0.0,2.0,0.0
1f559cfe-5409-4845-90e1-9f78ee5d8e1d,high,0.6178662886409365,2.5,0.9989482348637279,"impossible_travel,device_diversity",65.0,4.0,18.0,444.0,21.0,2.0,0.0382882882882882,2.0,0.0,1.0,,
62d55066-7caa-43ec-8376-a95139471ede,high,0.6178388512895555,2.5,0.9988567770257911,"impossible_travel,post_success",12.0,2.0,5.0,101.0,9.0,2.0,0.0099009900990099,4.0,2.0,1.0,23.0,2.0
9aea75b6-da44-4d95-b5c4-36867c3a93e2,high,0.6177839765867934,2.5,0.9986738613499176,"impossible_travel,device_diversity",39.0,4.0,13.0,69.0,8.0,1.0,0.0,2.0,0.0,1.0,,
9f408023-663b-41c5-9d37-b9c35caf3aac,high,0.6177016645326504,2.5,0.9983994878361075,"impossible_travel,post_success",128.0,3.0,21.0,1.0,1.0,1.0,0.0,2.0,2.0,0.0,1.0,0.0
a9a4f956-39cd-4ac0-b299-dda71fe3b064,high,0.6175781964514359,2.5,0.9979879275653923,"impossible_travel,post_success",51.0,3.0,13.0,203.0,19.0,1.0,0.0,,,,203.0,34.0
3223328f-2535-4beb-918c-59ec3d73579b,medium,0.4783702213279678,1.5,0.958203768062923,impossible_travel,5.0,2.0,2.0,23.0,8.0,1.0,0.0,,,,,
7196af99-f86d-41a7-9215-911554b8d16a,medium,0.4864642399853667,1.5,0.9851838302542528,impossible_travel,22.0,2.0,6.0,144.0,12.0,2.0,0.0069444444444444,4.0,0.0,0.0,0.0,0.0
a0ed4cad-993f-4694-bf95-a14b49d0c89a,medium,0.47682001097494053,1.5,0.9530364002194988,impossible_travel,10.0,3.0,5.0,,,,,,,,0.0,0.0
a726b877-6652-4213-81a3-e5c7ac0f08af,medium,0.5861285897201389,2.3,0.978004389976221,"impossible_travel,reset_shift",18.0,3.0,9.0,33.0,6.0,1.0,0.0,2.0,0.0,2.0,,
4d4ef70d-0a60-45a8-b77d-4845898dc3fd,medium,0.4873422352295591,1.5,0.9881104810682275,impossible_travel,19.0,2.0,4.0,,,,,2.0,0.0,0.0,,
c1985855-05a9-4ba9-b065-cda40850f814,medium,0.47920706054508866,1.5,0.9609932321199927,impossible_travel,17.0,2.0,10.0,2.0,2.0,1.0,0.0,2.0,0.0,0.0,,
8165418d-560f-4339-a892-0d6f0827bac3,medium,0.4723751600512164,1.5,0.9382202304737516,impossible_travel,8.0,3.0,2.0,9.0,4.0,1.0,0.0,,,,,
2d24307c-659e-4cf7-8d8e-45d3d55e44fc,medium,0.4811276751417596,1.5,0.9673952807755625,impossible_travel,41.0,3.0,3.0,40.0,11.0,1.0,0.0,,,,,
517e107d-c307-4008-b642-1fdc4a23b7c6,medium,0.48086702030364004,1.5,0.9665264313151637,impossible_travel,4.0,2.0,3.0,,,,,2.0,0.0,-1.0,,
c7564ca4-baf7-41d8-bf31-5bf07887c8ff,medium,0.487067861715749,1.5,0.9871959026888605,impossible_travel,170.0,3.0,12.0,106.0,3.0,2.0,0.0094339622641509,3.0,0.0,0.0,,
475b913a-f63e-40c8-a6df-0591314db811,medium,0.48207426376440454,1.5,0.970550576184379,impossible_travel,6.0,2.0,3.0,241.0,33.0,2.0,0.0082987551867219,,,,,
bc8e1de3-274c-44f2-a0fd-82f844269fd0,medium,0.4721282238887873,1.5,0.9373971099323212,impossible_travel,17.0,3.0,4.0,169.0,6.0,1.0,0.0,,,,,
9356e675-e036-4edc-b9ab-41ab064c9308,medium,0.47133254069873787,1.5,0.9347448326321566,impossible_travel,17.0,3.0,3.0,13.0,2.0,1.0,0.0,,,,0.0,0.0
1811d3eb-4df1-4f1e-9a88-284654591d86,medium,0.4846808121456009,1.5,0.9792390707883666,impossible_travel,10.0,3.0,6.0,,,,,5.0,0.0,0.0,,
db286a73-4447-4110-a21d-28fcc4e7eed1,medium,0.475777391622462,1.5,0.9495610023779038,impossible_travel,6.0,2.0,4.0,,,,,2.0,0.0,0.0,,
972af1a1-eed6-4ce7-8d92-968b2a30bf73,medium,0.48383025425278947,1.5,0.9764038778123285,impossible_travel,59.0,3.0,5.0,182.0,13.0,1.0,0.0,,,,0.0,0.0
c8f40ce2-6975-4e57-890b-14c3348dbdcb,medium,0.4842829705505761,1.5,0.9779129321382842,impossible_travel,97.0,2.0,8.0,210.0,48.0,2.0,0.0333333333333333,,,,,
e9cfbbeb-83df-4d97-a0ba-045d113cc263,medium,0.4844338759831718,1.5,0.9784159502469362,impossible_travel,10.0,3.0,7.0,170.0,21.0,2.0,0.0117647058823529,,,,,
f1c00354-6fa7-46d7-b952-aa9ca4087334,medium,0.5542573623559539,2.0,0.9990396927016645,"device_diversity,post_success",32.0,5.0,9.0,444.0,63.0,2.0,0.0202702702702702,,,,237.0,153.0
5c1550cb-9f8d-41d8-802e-7578e4edd856,medium,0.5908066581306017,2.3,0.9935979513444302,"impossible_travel,reset_shift",23.0,3.0,7.0,56.0,6.0,1.0,0.0,10.0,0.0,2.0,,
c2cf4f1b-7501-4d3c-951a-4cf3713ae508,medium,0.48820651179806107,1.5,0.990991402963234,impossible_travel,13.0,3.0,6.0,236.0,9.0,1.0,0.0,3.0,3.0,1.0,0.0,0.0
b9c55dcb-8870-4b11-a2a7-c33d7e5c3a93,medium,0.4822251691970002,1.5,0.971053594293031,impossible_travel,49.0,3.0,17.0,238.0,29.0,1.0,0.0,,,,,
0a12895a-5d1d-4452-a58b-1788dd53b7d7,medium,0.5289400036583134,1.8,0.9994969818913481,"post_success,reset_shift",17.0,3.0,6.0,566.0,40.0,2.0,0.0088339222614841,2.0,0.0,2.0,395.0,91.0
5a2f1e46-31a3-4f41-9ecf-fa9cb5ee85cb,medium,0.4742957746478873,1.5,0.9446222791293214,impossible_travel,4.0,3.0,2.0,165.0,1.0,1.0,0.0,,,,,
3550146d-6c85-42eb-81ba-53d72a35e313,medium,0.48730107920248766,1.5,0.9879732943113225,impossible_travel,6.0,2.0,3.0,4.0,1.0,1.0,0.0,2.0,0.0,1.0,,
4fa6fef5-3a24-4017-b927-148a8cd71a74,medium,0.4709346991037131,1.5,0.9334186939820742,impossible_travel,4.0,3.0,2.0,,,,,,,,0.0,0.0
2cf2ff96-13bd-4689-aee3-069f822531e3,medium,0.48625845985000915,1.5,0.9844978964697274,impossible_travel,54.0,2.0,10.0,,,,,,,,0.0,0.0
9373d16d-6518-42fd-8108-bf8566fe131c,medium,0.4859978050118895,1.5,0.9836290470093287,impossible_travel,9.0,2.0,2.0,,,,,2.0,0.0,1.0,,
cc1d2d9a-df58-41c8-8258-34043bd84780,medium,0.48964697274556424,1.5,0.9957929394549113,impossible_travel,14.0,3.0,8.0,,,,,6.0,0.0,-1.0,,
71ef8164-d5e3-4c6d-9cf6-64a6942cf9a5,medium,0.4723340040241448,1.5,0.9380830437168466,impossible_travel,3.0,2.0,1.0,,,,,,,,,
dc3c80dd-37bf-4331-a3a5-3bc707e701ea,medium,0.47745107005670384,1.5,0.9551399304920432,impossible_travel,111.0,3.0,9.0,68.0,6.0,1.0,0.0,,,,,
788dbf46-b677-418d-8193-97cab9937c96,medium,0.4804143040058533,1.5,0.965017376989208,impossible_travel,12.0,3.0,6.0,116.0,3.0,1.0,0.0,3.0,0.0,0.0,,
51d761e3-ebbd-47de-915c-a3decbb83073,medium,0.47654563746113043,1.5,0.9521218218401317,impossible_travel,2.0,2.0,1.0,,,,,,,,,
a76365d8-e521-49a1-825e-57df10811645,medium,0.4822526065483812,1.5,0.9711450521309676,impossible_travel,15.0,3.0,4.0,,,,,2.0,0.0,1.0,,
46e6c4bb-2375-4062-b26a-1e70b585ec8a,medium,0.4728690323760746,1.5,0.9398664715566124,impossible_travel,14.0,3.0,6.0,,,,,,,,,
d360ad4e-7485-4223-8ce2-5ac7b91a91c1,medium,0.48229376257545264,1.5,0.9712822388878727,impossible_travel,10.0,2.0,6.0,1.0,1.0,1.0,0.0,4.0,0.0,1.0,,
61d72dbc-dab3-49fb-9e1d-5dcbebd6c2d8,medium,0.49038778123285165,1.5,0.9982623010792024,impossible_travel,21.0,3.0,9.0,12.0,2.0,1.0,0.0,8.0,0.0,-1.0,,
e78f208e-bbe2-4197-84c2-0263b1d1d825,medium,0.551582220596305,2.0,0.9901225535028352,"device_diversity,post_success",204.0,4.0,31.0,,,,,,,,0.0,3.0
08fd97e3-7608-4d52-9dfb-81951ede35a2,medium,0.4830208523870495,1.5,0.9737058715931955,impossible_travel,13.0,2.0,4.0,10.0,5.0,1.0,0.0,4.0,0.0,1.0,,
e0a3e6a5-2cb4-472d-8d93-51d9a5f3667e,medium,0.48284250960307296,1.5,0.9731113956466069,impossible_travel,9.0,2.0,5.0,83.0,16.0,2.0,0.036144578313253,,,,,
f5e77645-5172-490a-be5a-600c0b8a68b1,medium,0.4743780867020303,1.5,0.9448966526431315,impossible_travel,21.0,3.0,6.0,,,,,,,,0.0,0.0
90bdf7fe-3f78-488b-8f1c-0f3caabb26f4,medium,0.5455597219681727,2.0,0.9700475580757271,"device_diversity,post_success",19.0,4.0,8.0,13.0,1.0,1.0,0.0,,,,13.0,0.0
7993c8e9-9a0b-42d8-b955-a2074122fe3b,medium,0.4859429303091275,1.5,0.9834461313334553,impossible_travel,13.0,2.0,2.0,,,,,2.0,2.0,1.0,0.0,0.0
2ee2fb96-70ea-4310-b4a6-b2e88aa6415d,medium,0.4824172306566672,1.5,0.9716937991585879,impossible_travel,55.0,3.0,19.0,155.0,5.0,1.0,0.0,,,,0.0,0.0
7c68ab11-7cd4-4f10-b42a-a5ee5eab4eaf,medium,0.528953722334004,1.8,0.9995427108103164,"post_success,reset_shift",66.0,3.0,23.0,333.0,23.0,2.0,0.012012012012012,2.0,0.0,2.0,16.0,31.0
d66415a2-90f2-4837-8228-2307d92e7a91,medium,0.4725123468081214,1.5,0.9386775196634352,impossible_travel,18.0,2.0,6.0,80.0,5.0,1.0,0.0,,,,,
2a95d53f-7617-42e3-a922-6d504f8ae9e8,medium,0.48806932504115597,1.5,0.9905341137735504,impossible_travel,23.0,3.0,6.0,1.0,1.0,1.0,0.0,5.0,0.0,-1.0,,
f3bd5f71-9141-4d66-bc30-977dc28f25c4,medium,0.47395280775562465,1.5,0.9434790561551125,impossible_travel,63.0,2.0,2.0,176.0,13.0,1.0,0.0,,,,0.0,0.0
858da713-7794-4f14-b265-e7c12d0ad898,medium,0.49022315712456555,1.5,0.9977135540515822,impossible_travel,116.0,3.0,16.0,3.0,3.0,1.0,0.0,2.0,0.0,0.0,,
cea3a46e-fe29-4c42-a247-4163b2b9b0f2,medium,0.573799158587891,2.2,0.9793305286263033,"concurrent,device_diversity",42.0,4.0,18.0,143.0,64.0,2.0,0.0909090909090909,,,,,
282cce6c-ff39-43aa-9cc6-84d7663e8d56,low,0.05388695811231022,0.0,0.17962319370770075,-,,,,34.0,1.0,1.0,0.0,,,,,
38412381-7989-4065-bd14-ea16ce73e20a,low,0.05837982440095116,0.0,0.1945994146698372,-,1.0,1.0,0.0,,,,,,,,,
1df518fa-d539-43cb-abc0-b8fd1a5319ba,low,0.05224757636729468,0.0,0.17415858789098226,-,,,,30.0,1.0,1.0,0.0,,,,,
a386f4d9-7c53-43a6-9673-2540002515e9,low,0.12544357051399305,0.0,0.41814523504664347,-,2.0,2.0,1.0,,,,,,,,,
9c85dd1f-2165-4a19-bb76-18acee966993,low,0.1960673129687214,0.0,0.653557709895738,-,2.0,1.0,0.0,,,,,,,,,
ceb9b9ad-05b7-4089-b5ea-569b9deef54a,low,0.4634580208523871,1.5,0.9084964331443205,impossible_travel,4.0,2.0,2.0,20.0,18.0,1.0,0.0,,,,,
240cb6ff-5929-407a-85af-741bc1fd610a,low,0.24793762575452713,0.0,0.8264587525150905,-,39.0,1.0,0.0,,,,,,,,,
416c8659-c2ba-47b1-9fbd-12a76e7e67ac,low,0.1676970916407536,0.0,0.5589903054691787,-,,,,,,,,,,,0.0,0.0
1fe4bcf0-e6cc-43e5-8fb9-0d777880b518,low,0.09504298518383025,0.0,0.3168099506127675,-,,,,23.0,4.0,1.0,0.0,,,,,
807eb1fb-317f-4558-b3e1-300b7e53b225,low,0.2012872690689592,0.0,0.6709575635631974,-,2.0,2.0,1.0,1.0,1.0,1.0,0.0,,,,,
d57220b3-e1ae-48dd-abd2-328a162815eb,low,0.261958112310225,0.0,0.87319370770075,-,5.0,2.0,1.0,1.0,1.0,1.0,0.0,2.0,0.0,-1.0,,
9cff600a-1a5b-4269-9f3d-afcfed8bdb21,low,0.07246204499725627,0.0,0.2415401499908542,-,,,,25.0,3.0,1.0,0.0,,,,,
5bee22f8-b849-484c-875b-75f7778c495f,low,0.22183098591549297,0.0,0.7394366197183099,-,,,,153.0,5.0,1.0,0.0,,,,0.0,0.0
f998d836-e29e-4225-95ef-780a5aadef14,low,0.14872416316078288,0.0,0.49574721053594295,-,6.0,2.0,1.0,68.0,3.0,1.0,0.0,,,,,
dc404a2c-b1f9-4814-922c-74f455851830,low,0.1156895920980428,0.0,0.3856319736601427,-,1.0,1.0,0.0,,,,,,,,,
e6202242-1ca2-49a8-bc87-fc1dc15774e8,low,0.1676970916407536,0.0,0.5589903054691787,-,,,,,,,,,,,0.0,0.0
298303f7-abfb-4df4-aa5a-32ccbeaf0227,low,0.05014861898664715,0.0,0.16716206328882385,-,,,,27.0,2.0,1.0,0.0,,,,,
f5e1ce18-d935-4392-a400-da652bbf9881,low,0.2217555331991952,0.0,0.739185110663984,-,,,,157.0,5.0,1.0,0.0,,,,0.0,0.0
b7e721fa-19a4-4b7a-b4dc-47a9567f85ca,low,0.1676970916407536,0.0,0.5589903054691787,-,,,,,,,,,,,0.0,0.0
430d803b-049a-48cb-967c-4bfa99712904,low,0.11406392902871774,0.0,0.3802130967623925,-,,,,13.0,6.0,1.0,0.0,,,,,
f07923e6-a47f-4169-b803-1ed1328e6f5b,low,0.04357737333089446,0.0,0.14525791110298153,-,,,,25.0,2.0,1.0,0.0,,,,,
5dbd82de-3696-4579-a82e-fc8bf24a0442,low,0.1832677885494787,0.0,0.6108926284982623,-,5.0,2.0,3.0,198.0,17.0,1.0,0.0,,,,,
0e5de4fb-768d-47ea-bbf0-e13257ff5d76,low,0.07387506859337845,0.0,0.24625022864459484,-,1.0,1.0,0.0,43.0,11.0,1.0,0.0,,,,,
6551746b-832d-4e76-9121-3262c9f2eaf7,low,0.1676970916407536,0.0,0.5589903054691787,-,,,,,,,,,,,0.0,0.0
10cac127-b189-4a7f-85aa-645964325e1f,low,0.11326138650082311,0.0,0.37753795500274373,-,2.0,2.0,1.0,5.0,3.0,1.0,0.0,,,,,
85d1542d-8fbd-4b0c-bae6-920cbc9cecc0,low,0.25441284068044634,0.0,0.8480428022681544,-,4.0,2.0,1.0,37.0,3.0,1.0,0.0,2.0,0.0,-1.0,,
a9987395-7054-42a4-a30b-664a4eeeb72a,low,0.2718218401316993,0.0,0.9060728004389976,-,9.0,3.0,3.0,178.0,7.0,1.0,0.0,,,,,
b7623ea7-72d7-44f3-ae79-7c89e82dbf44,low,0.14377172123650997,0.0,0.4792390707883666,-,2.0,2.0,1.0,,,,,,,,,
8847f31d-00c1-4d6f-9fdf-c3092fa9d319,low,0.14037634900310955,0.0,0.46792116334369854,-,1.0,1.0,0.0,,,,,,,,0.0,0.0
62da234e-c669-4fe4-813f-f6bfc68474c5,low,0.12425004572891897,0.0,0.4141668190963966,-,1.0,1.0,0.0,234.0,1.0,1.0,0.0,,,,,
9a404ea8-0fba-44b4-8452-700b344f1fad,low,0.2657444668008048,0.0,0.885814889336016,-,4.0,1.0,0.0,142.0,46.0,2.0,0.0070422535211267,,,,0.0,0.0
09e438ac-6e4f-4971-a1ef-2c044ac05d38,low,0.05058761660874337,0.0,0.16862538869581123,-,,,,2.0,2.0,1.0,0.0,,,,,
8ccdb399-3b41-4dd1-b1a5-39f24eb268c4,low,0.4116398390342052,1.2,0.863041887689775,concurrent,,,,12.0,4.0,2.0,0.0833333333333333,,,,,
15c93785-a7cb-42f7-abfc-83003ad9507b,low,0.23376623376623376,0.0,0.7792207792207793,-,,,,28.0,24.0,1.0,0.0,,,,,
e41af688-8e26-4e8e-b83e-3e89881077d6,low,0.1528809218950064,0.0,0.5096030729833547,-,3.0,2.0,1.0,160.0,3.0,1.0,0.0,,,,0.0,0.0
49dff072-b6b4-4ca7-9d09-0a37ed906fb9,low,0.14037634900310955,0.0,0.46792116334369854,-,1.0,1.0,0.0,,,,,,,,0.0,0.0
b1e06976-575b-49d9-96be-4395141b5f14,low,0.0433510151820011,0.0,0.14450338394000367,-,,,,15.0,1.0,1.0,0.0,,,,,
1b5bf01b-cfa4-487e-a40a-36de211a88d8,low,0.12544357051399305,0.0,0.41814523504664347,-,2.0,2.0,1.0,,,,,,,,,
b987e23b-67d8-4edf-a9a9-2251bd140112,low,0.06209758551307847,0.0,0.20699195171026158,-,1.0,1.0,0.0,,,,,,,,,
9ab859b0-a05a-421b-a2fa-2057b1690783,low,0.10566124016828242,0.0,0.35220413389427474,-,1.0,1.0,0.0,204.0,8.0,1.0,0.0,,,,,
307e1a28-b69b-440d-a84c-10d4e0ad2c3a,low,0.12274785074080848,0.0,0.4091595024693616,-,1.0,1.0,0.0,,,,,,,,,
b0f08780-b797-4a52-bb64-4e3197655099,low,0.2683784525333821,0.0,0.8945948417779404,-,6.0,2.0,2.0,1127.0,5.0,1.0,0.0,,,,,
9014c66b-6669-4b20-8cfc-bee9d3c40aff,low,0.25577098957380645,0.0,0.8525699652460216,-,2.0,2.0,1.0,266.0,55.0,1.0,0.0,,,,,
d20dd25e-14b8-4c71-bed8-adcfc9fbb410,low,0.28165813060179257,0.0,0.9388604353393086,-,4.0,2.0,1.0,,,,,2.0,0.0,1.0,,
b4c6ffac-7ad7-4d6f-9cd7-7f0e27078f2d,low,0.11030501188951893,0.0,0.3676833729650631,-,,,,68.0,4.0,1.0,0.0,,,,,
28cc6edf-03da-429b-93ed-c261394894eb,low,0.23707243460764588,0.0,0.790241448692153,-,4.0,3.0,2.0,,,,,,,,,
5a518238-41cc-4a4d-80ba-e9f711145798,low,0.027540241448692153,0.0,0.09180080482897385,-,1.0,1.0,0.0,30.0,7.0,1.0,0.0,,,,,
39226fd1-c7d8-495f-9bc8-ad582c67f371,low,0.04715108834827145,0.0,0.15717029449423817,-,,,,5.0,2.0,1.0,0.0,,,,,
752eb4c1-df61-4615-a57f-c222076e1de3,low,0.1676970916407536,0.0,0.5589903054691787,-,,,,,,,,,,,0.0,0.0
cc7db1e0-0f1d-464d-beb5-fb67dfcd6bb2,low,0.11319279312237057,0.0,0.37730931040790194,-,3.0,2.0,1.0,148.0,4.0,1.0,0.0,,,,,
